[2026-06-08T16:14:32.609] [TarrifBuilder] [INFO ]  [com.xius.TariffBuilder.config.ApiLogger.doFilterInternal] Execution time 416 ms
[2026-06-08T16:14:32.626] [TarrifBuilder] [INFO ]  [com.xius.TariffBuilder.config.ApiLogger.doFilterInternal] ------------ handleResponse ------------
[2026-06-08T16:14:43.107] [TarrifBuilder] [INFO ]  [com.xius.TariffBuilder.config.ApiLogger.doFilterInternal] ------------ handleRequest ------------
[2026-06-08T16:14:43.107] [TarrifBuilder] [INFO ]  [com.xius.TariffBuilder.config.ApiLogger.doFilterInternal] GET
[2026-06-08T16:14:43.107] [TarrifBuilder] [INFO ]  [com.xius.TariffBuilder.config.ApiLogger.doFilterInternal] /admin/hierarchy/test_87
[2026-06-08T16:14:43.108] [TarrifBuilder] [INFO ]  [com.xius.TariffBuilder.config.ApiLogger.doFilterInternal] 0:0:0:0:0:0:0:1
[2026-06-08T16:14:43.109] [TarrifBuilder] [INFO ]  [com.xius.TariffBuilder.UserService.TariffService.getHierarchy] Fetching hierarchy for tpName=test_87
[2026-06-08T16:14:43.109] [TarrifBuilder] [INFO ]  [com.xius.TariffBuilder.util.JsonStorage.getTpData] Fetching JSON for test_87
[2026-06-08T16:14:43.110] [TarrifBuilder] [INFO ]  [com.xius.TariffBuilder.config.ApiLogger.doFilterInternal] 200
[2026-06-08T16:14:43.110] [TarrifBuilder] [INFO ]  [com.xius.TariffBuilder.config.ApiLogger.doFilterInternal] Response Payload {"tpName":"test_87","username":"USER1","networkId":16,"data":{"username":"USER1","isUpdate":false,"submittedOn":"08 Jun 2026","packageType":"PREPAID","tariffPackCategory":"NORMAL","tariffPackageDesc":"test_87","charge":"49","endDate":"06/26/2026","publicityId":"p_87","chargeId":"test_87_PR","isCorporateYn":false,"tariffPlanId":2033,"tariffPlanName":"MI MUNDO L SMS","selectedSvcs_s2":"[\"SMS\"]","selectedSvcs_s3":"[\"SMS\"]","selectedSvcs_s4":"[]","defaultAtps":[{"servicePackageId":1977,"chargeId":"test_87_PR","packageName":"MI MUNDO_T5","validity":"O","rentalPeriod":"22","midnightExpiry":"No","renewal":"Yes","rental":"5","maxCount":"8","freeCycles":"08","priority":"55"}],"allowedAtps":[]}}
[2026-06-08T16:14:43.111] [TarrifBuilder] [INFO ]  [com.xius.TariffBuilder.config.ApiLogger.doFilterInternal] Execution time 3 ms
[2026-06-08T16:14:43.111] [TarrifBuilder] [INFO ]  [com.xius.TariffBuilder.config.ApiLogger.doFilterInternal] ------------ handleResponse ------------
[2026-06-08T16:14:44.837] [TarrifBuilder] [ERROR]  [com.xius.TariffBuilder.exception.GlobalExceptionHandler.handleAll] Unexpected exception
org.springframework.web.servlet.resource.NoResourceFoundException: No static resource .well-known/appspecific/com.chrome.devtools.json for request '/.well-known/appspecific/com.chrome.devtools.json'.
	at org.springframework.web.servlet.resource.ResourceHttpRequestHandler.handleRequest(ResourceHttpRequestHandler.java:527)
	at org.springframework.web.servlet.mvc.HttpRequestHandlerAdapter.handle(HttpRequestHandlerAdapter.java:50)
	at org.springframework.web.servlet.DispatcherServlet.doDispatch(DispatcherServlet.java:963)
	at org.springframework.web.servlet.DispatcherServlet.doService(DispatcherServlet.java:866)
	at org.springframework.web.servlet.FrameworkServlet.processRequest(FrameworkServlet.java:1000)
	at org.springframework.web.servlet.FrameworkServlet.doGet(FrameworkServlet.java:892)
	at jakarta.servlet.http.HttpServlet.service(HttpServlet.java:622)
	at org.springframework.web.servlet.FrameworkServlet.service(FrameworkServlet.java:874)
	at jakarta.servlet.http.HttpServlet.service(HttpServlet.java:710)
	at org.apache.catalina.core.ApplicationFilterChain.doFilter(ApplicationFilterChain.java:128)
	at org.apache.tomcat.websocket.server.WsFilter.doFilter(WsFilter.java:53)
	at org.apache.catalina.core.ApplicationFilterChain.doFilter(ApplicationFilterChain.java:107)
	at org.springframework.web.filter.OncePerRequestFilter.doFilter(OncePerRequestFilter.java:101)
	at org.apache.catalina.core.ApplicationFilterChain.doFilter(ApplicationFilterChain.java:107)
	at org.springframework.web.filter.RequestContextFilter.doFilterInternal(RequestContextFilter.java:100)
	at org.springframework.web.filter.OncePerRequestFilter.doFilter(OncePerRequestFilter.java:116)
	at org.apache.catalina.core.ApplicationFilterChain.doFilter(ApplicationFilterChain.java:107)
	at org.springframework.web.filter.FormContentFilter.doFilterInternal(FormContentFilter.java:93)
	at org.springframework.web.filter.OncePerRequestFilter.doFilter(OncePerRequestFilter.java:116)
	at org.apache.catalina.core.ApplicationFilterChain.doFilter(ApplicationFilterChain.java:107)
	at org.springframework.web.filter.CharacterEncodingFilter.doFilterInternal(CharacterEncodingFilter.java:199)
	at org.springframework.web.filter.OncePerRequestFilter.doFilter(OncePerRequestFilter.java:116)
	at org.apache.catalina.core.ApplicationFilterChain.doFilter(ApplicationFilterChain.java:107)
	at org.apache.catalina.core.StandardWrapperValve.invoke(StandardWrapperValve.java:165)
	at org.apache.catalina.core.StandardContextValve.invoke(StandardContextValve.java:77)
	at org.apache.catalina.authenticator.AuthenticatorBase.invoke(AuthenticatorBase.java:492)
	at org.apache.catalina.core.StandardHostValve.invoke(StandardHostValve.java:113)
	at org.apache.catalina.valves.ErrorReportValve.invoke(ErrorReportValve.java:83)
	at org.apache.catalina.core.StandardEngineValve.invoke(StandardEngineValve.java:72)
	at org.apache.catalina.connector.CoyoteAdapter.service(CoyoteAdapter.java:341)
	at org.apache.coyote.http11.Http11Processor.service(Http11Processor.java:397)
	at org.apache.coyote.AbstractProcessorLight.process(AbstractProcessorLight.java:63)
	at org.apache.coyote.AbstractProtocol$ConnectionHandler.process(AbstractProtocol.java:903)
	at org.apache.tomcat.util.net.NioEndpoint$SocketProcessor.doRun(NioEndpoint.java:1779)
	at org.apache.tomcat.util.net.SocketProcessorBase.run(SocketProcessorBase.java:52)
	at org.apache.tomcat.util.threads.ThreadPoolExecutor.runWorker(ThreadPoolExecutor.java:946)
	at org.apache.tomcat.util.threads.ThreadPoolExecutor$Worker.run(ThreadPoolExecutor.java:480)
	at org.apache.tomcat.util.threads.TaskThread$WrappingRunnable.run(TaskThread.java:57)
	at java.base/java.lang.Thread.run(Thread.java:842)
[2026-06-08T16:14:49.965] [TarrifBuilder] [INFO ]  [com.xius.TariffBuilder.config.ApiLogger.doFilterInternal] ------------ handleRequest ------------
[2026-06-08T16:14:49.965] [TarrifBuilder] [INFO ]  [com.xius.TariffBuilder.config.ApiLogger.doFilterInternal] POST
[2026-06-08T16:14:49.966] [TarrifBuilder] [INFO ]  [com.xius.TariffBuilder.config.ApiLogger.doFilterInternal] /approve/test_87
[2026-06-08T16:14:49.966] [TarrifBuilder] [INFO ]  [com.xius.TariffBuilder.config.ApiLogger.doFilterInternal] 0:0:0:0:0:0:0:1
[2026-06-08T16:14:49.968] [TarrifBuilder] [INFO ]  [com.xius.TariffBuilder.UserService.TariffApprovalService.approve] Approve request received tpName=test_87
[2026-06-08T16:14:49.968] [TarrifBuilder] [INFO ]  [com.xius.TariffBuilder.util.JsonStorage.getTpData] Fetching JSON for test_87
[2026-06-08T16:14:49.970] [TarrifBuilder] [INFO ]  [com.xius.TariffBuilder.UserService.TariffApprovalService.approve] Approve payload tpName=test_87 networkId=16 username=USER1
[2026-06-08T16:14:50.074] [TarrifBuilder] [INFO ]  [com.xius.TariffBuilder.UserService.TariffApprovalService.executeTariffCreation] ATP presence check hasDefaultAtps=true hasAllowedAtps=false hasAnyAtps=true
[2026-06-08T16:14:50.129] [TarrifBuilder] [INFO ]  [com.xius.TariffBuilder.UserService.TariffApprovalService.executeTariffCreation] Old mapping oldPlanId=1084 oldPlanZoneId=805 oldBucketId=T1968 oldBucketZoneId=0
[2026-06-08T16:14:50.156] [TarrifBuilder] [INFO ]  [com.xius.TariffBuilder.UserService.ServiceplanZone.cloneZoneIfExists] CS_RAT_ZONE_GROUPS cloned oldZoneId=805 newZoneId=982
[2026-06-08T16:14:50.365] [TarrifBuilder] [INFO ]  [com.xius.TariffBuilder.UserService.ServiceplanZone.cloneZoneIfExists] Zone clone completed oldZoneId=805 newZoneId=982
[2026-06-08T16:14:50.405] [TarrifBuilder] [INFO ]  [com.xius.TariffBuilder.UserService.ServiceplanZone.cloneZoneIfExists] Old zone id 0 not found in zone tables. Skipping zone clone.
[2026-06-08T16:14:50.405] [TarrifBuilder] [INFO ]  [com.xius.TariffBuilder.UserService.ServiceCloneService.cloneService] Clone service started networkId=16 servicePackageId=2033 tpName=test_87 newPlanZoneId=982
[2026-06-08T16:14:50.682] [TarrifBuilder] [INFO ]  [com.xius.TariffBuilder.UserService.ServiceCloneService.cloneService] Service plan cloned oldPlanId=1084 newPlanId=1475 newPackageId=2404
[2026-06-08T16:14:50.682] [TarrifBuilder] [INFO ]  [com.xius.TariffBuilder.UserService.ServiceCloneService.cloneService] Clone service completed newPackageId=2404 lastNewPlanId=1475
[2026-06-08T16:14:50.682] [TarrifBuilder] [INFO ]  [com.xius.TariffBuilder.UserService.TariffApprovalService.executeTariffCreation] Base service cloned newServicePackageId=2404 newServicePlanId=1475
[2026-06-08T16:14:50.682] [TarrifBuilder] [INFO ]  [com.xius.TariffBuilder.UserService.BundleService.cloneAtpData] ATP clone started atpId=1977 networkId=16 tpName=test_87 newBucketZoneId=983
[2026-06-08T16:14:52.104] [TarrifBuilder] [INFO ]  [com.xius.TariffBuilder.UserService.BundleService.cloneAtpData] Bucket cloned oldBucketId=T1968 newBucketId=T2170 newBucketZoneId=983
[2026-06-08T16:14:52.188] [TarrifBuilder] [INFO ]  [com.xius.TariffBuilder.UserService.BundleService.cloneAtpData] ATP clone completed oldAtpId=1977 newAtpId=2405
[2026-06-08T16:14:52.188] [TarrifBuilder] [INFO ]  [com.xius.TariffBuilder.UserService.TariffApprovalService.executeTariffCreation] Default ATP cloned oldAtpId=1977 newAtpId=2405 chargeId=test_87_PR1
[2026-06-08T16:14:52.188] [TarrifBuilder] [INFO ]  [com.xius.TariffBuilder.UserService.TariffApprovalService.executeTariffCreation] Final defaultAtpIds=[2405] allowedAtpIds=[]
[2026-06-08T16:14:52.304] [TarrifBuilder] [INFO ]  [com.xius.TariffBuilder.util.JsonStorage.storeApproved] Stored to approved-tariffs.json tpName=test_87
[2026-06-08T16:14:52.320] [TarrifBuilder] [INFO ]  [com.xius.TariffBuilder.util.JsonStorage.writeAll] json updated
[2026-06-08T16:14:52.320] [TarrifBuilder] [INFO ]  [com.xius.TariffBuilder.UserService.TariffApprovalService.removeFromJson] TP removed from json storage tpName=test_87
[2026-06-08T16:14:52.320] [TarrifBuilder] [INFO ]  [com.xius.TariffBuilder.UserService.TariffApprovalService.approve] Tariff approved tpName=test_87 executionTime=2353ms
[2026-06-08T16:14:52.320] [TarrifBuilder] [INFO ]  [com.xius.TariffBuilder.config.ApiLogger.doFilterInternal] 200
[2026-06-08T16:14:52.320] [TarrifBuilder] [INFO ]  [com.xius.TariffBuilder.config.ApiLogger.doFilterInternal] Response Payload {"newBucketZoneId":983,"newServicePlanId":1475,"tariffPackageId":1542,"newPlanZoneId":982,"newServicePackageId":2404,"newAtpIds":[2405],"status":"success"}
[2026-06-08T16:14:52.320] [TarrifBuilder] [INFO ]  [com.xius.TariffBuilder.config.ApiLogger.doFilterInternal] Execution time 2356 ms
[2026-06-08T16:14:52.320] [TarrifBuilder] [INFO ]  [com.xius.TariffBuilder.config.ApiLogger.doFilterInternal] ------------ handleResponse ------------
[2026-06-08T16:14:57.790] [TarrifBuilder] [INFO ]  [com.xius.TariffBuilder.Controller.BuilderController.adminPage] Opening admin page
[2026-06-08T16:14:57.791] [TarrifBuilder] [INFO ]  [com.xius.TariffBuilder.UserService.TariffService.getTariffPackages] Fetching Tariff Package names from JSON
[2026-06-08T16:14:57.793] [TarrifBuilder] [INFO ]  [com.xius.TariffBuilder.Controller.BuilderController.adminPage] Fetching TP list for admin user=USER1 networkId=16
[2026-06-08T16:14:57.793] [TarrifBuilder] [INFO ]  [com.xius.TariffBuilder.Controller.BuilderController.adminPage] TP list response size=2
[2026-06-08T16:14:57.895] [TarrifBuilder] [ERROR]  [com.xius.TariffBuilder.exception.GlobalExceptionHandler.handleAll] Unexpected exception
org.springframework.web.servlet.resource.NoResourceFoundException: No static resource .well-known/appspecific/com.chrome.devtools.json for request '/.well-known/appspecific/com.chrome.devtools.json'.
	at org.springframework.web.servlet.resource.ResourceHttpRequestHandler.handleRequest(ResourceHttpRequestHandler.java:527)
	at org.springframework.web.servlet.mvc.HttpRequestHandlerAdapter.handle(HttpRequestHandlerAdapter.java:50)
	at org.springframework.web.servlet.DispatcherServlet.doDispatch(DispatcherServlet.java:963)
	at org.springframework.web.servlet.DispatcherServlet.doService(DispatcherServlet.java:866)
	at org.springframework.web.servlet.FrameworkServlet.processRequest(FrameworkServlet.java:1000)
	at org.springframework.web.servlet.FrameworkServlet.doGet(FrameworkServlet.java:892)
	at jakarta.servlet.http.HttpServlet.service(HttpServlet.java:622)
	at org.springframework.web.servlet.FrameworkServlet.service(FrameworkServlet.java:874)
	at jakarta.servlet.http.HttpServlet.service(HttpServlet.java:710)
	at org.apache.catalina.core.ApplicationFilterChain.doFilter(ApplicationFilterChain.java:128)
	at org.apache.tomcat.websocket.server.WsFilter.doFilter(WsFilter.java:53)
	at org.apache.catalina.core.ApplicationFilterChain.doFilter(ApplicationFilterChain.java:107)
	at org.springframework.web.filter.OncePerRequestFilter.doFilter(OncePerRequestFilter.java:101)
	at org.apache.catalina.core.ApplicationFilterChain.doFilter(ApplicationFilterChain.java:107)
	at org.springframework.web.filter.RequestContextFilter.doFilterInternal(RequestContextFilter.java:100)
	at org.springframework.web.filter.OncePerRequestFilter.doFilter(OncePerRequestFilter.java:116)
	at org.apache.catalina.core.ApplicationFilterChain.doFilter(ApplicationFilterChain.java:107)
	at org.springframework.web.filter.FormContentFilter.doFilterInternal(FormContentFilter.java:93)
	at org.springframework.web.filter.OncePerRequestFilter.doFilter(OncePerRequestFilter.java:116)
	at org.apache.catalina.core.ApplicationFilterChain.doFilter(ApplicationFilterChain.java:107)
	at org.springframework.web.filter.CharacterEncodingFilter.doFilterInternal(CharacterEncodingFilter.java:199)
	at org.springframework.web.filter.OncePerRequestFilter.doFilter(OncePerRequestFilter.java:116)
	at org.apache.catalina.core.ApplicationFilterChain.doFilter(ApplicationFilterChain.java:107)
	at org.apache.catalina.core.StandardWrapperValve.invoke(StandardWrapperValve.java:165)
	at org.apache.catalina.core.StandardContextValve.invoke(StandardContextValve.java:77)
	at org.apache.catalina.authenticator.AuthenticatorBase.invoke(AuthenticatorBase.java:492)
	at org.apache.catalina.core.StandardHostValve.invoke(StandardHostValve.java:113)
	at org.apache.catalina.valves.ErrorReportValve.invoke(ErrorReportValve.java:83)
	at org.apache.catalina.core.StandardEngineValve.invoke(StandardEngineValve.java:72)
	at org.apache.catalina.connector.CoyoteAdapter.service(CoyoteAdapter.java:341)
	at org.apache.coyote.http11.Http11Processor.service(Http11Processor.java:397)
	at org.apache.coyote.AbstractProcessorLight.process(AbstractProcessorLight.java:63)
	at org.apache.coyote.AbstractProtocol$ConnectionHandler.process(AbstractProtocol.java:903)
	at org.apache.tomcat.util.net.NioEndpoint$SocketProcessor.doRun(NioEndpoint.java:1779)
	at org.apache.tomcat.util.net.SocketProcessorBase.run(SocketProcessorBase.java:52)
	at org.apache.tomcat.util.threads.ThreadPoolExecutor.runWorker(ThreadPoolExecutor.java:946)
	at org.apache.tomcat.util.threads.ThreadPoolExecutor$Worker.run(ThreadPoolExecutor.java:480)
	at org.apache.tomcat.util.threads.TaskThread$WrappingRunnable.run(TaskThread.java:57)
	at java.base/java.lang.Thread.run(Thread.java:842)
[2026-06-08T16:14:59.590] [TarrifBuilder] [INFO ]  [com.xius.TariffBuilder.config.ApiLogger.doFilterInternal] ------------ handleRequest ------------
[2026-06-08T16:14:59.590] [TarrifBuilder] [INFO ]  [com.xius.TariffBuilder.config.ApiLogger.doFilterInternal] GET
[2026-06-08T16:14:59.590] [TarrifBuilder] [INFO ]  [com.xius.TariffBuilder.config.ApiLogger.doFilterInternal] /tariff-package-details
[2026-06-08T16:14:59.590] [TarrifBuilder] [INFO ]  [com.xius.TariffBuilder.config.ApiLogger.doFilterInternal] 0:0:0:0:0:0:0:1
[2026-06-08T16:15:00.353] [TarrifBuilder] [INFO ]  [com.xius.TariffBuilder.config.ApiLogger.doFilterInternal] 200
[2026-06-08T16:15:00.353] [TarrifBuilder] [INFO ]  [com.xius.TariffBuilder.config.ApiLogger.doFilterInternal] Response Payload [{"activationFee":0.0,"dataBenefit":"UNLIMITED","rateGroupNames":["izzi_load9","MUNDO","ALL","youtube","phonepe","Freecharge","load_izzi2","FB","load_izzi6","izzi_load10","izzi_load11","load_izzi5","insta","Gpay","Mipay","load_izzi4","pintrest","load_izzi3","izzi_load7","izzi_load12","izzi_load13","paytm"],"rentalPeriod":30,"rentalType":"Others","smsBenefit":"UNLIMITED","tariffPackageDesc":"IZZI_PACKAGE","tariff_package_id":602,"voiceBenefit":"UNLIMITED"},{"activationFee":0.0,"dataBenefit":"UNLIMITED","rateGroupNames":["izzi_load9","paytm","izzi_load10","Freecharge","load_izzi5","izzi_load7","load_izzi4","Mipay","load_izzi3","load_izzi6","phonepe","Gpay"],"rentalPeriod":30,"rentalType":"Monthly","smsBenefit":"UNLIMITED","tariffPackageDesc":"MI MUNDO S","tariff_package_id":1121,"voiceBenefit":"UNLIMITED"},{"activationFee":0.0,"dataBenefit":"10 MB","rateGroupNames":["MUNDO","webtoon"],"rentalPeriod":0,"rentalType":"Monthly","smsBenefit":"50 SMS","tariffPackageDesc":"MI MUNDO M","tariff_package_id":1122,"voiceBenefit":"24000 Sec"},{"activationFee":0.0,"dataBenefit":"30 MB","rateGroupNames":["load_izzi2","MUNDO","phonepe","webtoon"],"rentalPeriod":0,"rentalType":"Monthly","smsBenefit":"50 SMS","tariffPackageDesc":"MI MUNDO L","tariff_package_id":1123,"voiceBenefit":"30000 Sec"},{"activationFee":2.0,"dataBenefit":"10 KB","rateGroupNames":["MUNDO"],"rentalPeriod":0,"rentalType":"Monthly","smsBenefit":null,"tariffPackageDesc":"POSTPAID","tariff_package_id":1124,"voiceBenefit":"30000 Sec"},{"activationFee":5.0,"dataBenefit":"30 MB","rateGroupNames":["load_izzi2","MUNDO","webtoon","phonepe"],"rentalPeriod":0,"rentalType":"Monthly","smsBenefit":"50 SMS","tariffPackageDesc":"RENEWALS TP","tariff_package_id":1141,"voiceBenefit":"30000 Sec"},{"activationFee":2.0,"dataBenefit":"30 MB","rateGroupNames":["webtoon","load_izzi2","MUNDO","phonepe"],"rentalPeriod":0,"rentalType":"Monthly","smsBenefit":"50 SMS","tariffPackageDesc":"TEST_XIUS","tariff_package_id":1161,"voiceBenefit":null},{"activationFee":0.0,"dataBenefit":"20 MB","rateGroupNames":["webtoon","phonepe","load_izzi2","MUNDO"],"rentalPeriod":30,"rentalType":null,"smsBenefit":"50 SMS","tariffPackageDesc":"TEST_PLAN_2","tariff_package_id":1188,"voiceBenefit":"30000 Sec"},{"activationFee":0.0,"dataBenefit":"20 MB","rateGroupNames":["load_izzi2","MUNDO","phonepe","webtoon"],"rentalPeriod":30,"rentalType":null,"smsBenefit":"50 SMS","tariffPackageDesc":"TEST_PLAN_3","tariff_package_id":1189,"voiceBenefit":"30000 Sec"},{"activationFee":0.0,"dataBenefit":null,"rateGroupNames":["webtoon","MUNDO"],"rentalPeriod":30,"rentalType":null,"smsBenefit":null,"tariffPackageDesc":"TEST_PLAN_4","tariff_package_id":1201,"voiceBenefit":"24000 Sec"},{"activationFee":0.0,"dataBenefit":null,"rateGroupNames":["webtoon","MUNDO"],"rentalPeriod":30,"rentalType":null,"smsBenefit":null,"tariffPackageDesc":"TEST_PLAN_5","tariff_package_id":1203,"voiceBenefit":"24000 Sec"},{"activationFee":0.0,"dataBenefit":null,"rateGroupNames":[],"rentalPeriod":30,"rentalType":null,"smsBenefit":null,"tariffPackageDesc":"TEST1","tariff_package_id":1204,"voiceBenefit":"24000 Sec"},{"activationFee":0.0,"dataBenefit":null,"rateGroupNames":[],"rentalPeriod":30,"rentalType":null,"smsBenefit":null,"tariffPackageDesc":"TEST2","tariff_package_id":1206,"voiceBenefit":"24000 Sec"},{"activationFee":199.0,"dataBenefit":null,"rateGroupNames":[],"rentalPeriod":19,"rentalType":"Others","smsBenefit":null,"tariffPackageDesc":"TEST5","tariff_package_id":1207,"voiceBenefit":"24000 Sec"},{"activationFee":199.0,"dataBenefit":null,"rateGroupNames":[],"rentalPeriod":19,"rentalType":"Others","smsBenefit":null,"tariffPackageDesc":"TARF","tariff_package_id":1208,"voiceBenefit":"24000 Sec"},{"activationFee":0.0,"dataBenefit":"10 MB","rateGroupNames":["MUNDO","webtoon"],"rentalPeriod":30,"rentalType":null,"smsBenefit":"50 SMS","tariffPackageDesc":"TEST","tariff_package_id":1221,"voiceBenefit":"18000 Sec"},{"activationFee":199.0,"dataBenefit":null,"rateGroupNames":[],"rentalPeriod":19,"rentalType":"Others","smsBenefit":null,"tariffPackageDesc":"TP1","tariff_package_id":1222,"voiceBenefit":"24000 Sec"},{"activationFee":199.0,"dataBenefit":null,"rateGroupNames":[],"rentalPeriod":19,"rentalType":"Others","smsBenefit":null,"tariffPackageDesc":"TESTK","tariff_package_id":1224,"voiceBenefit":"24000 Sec"},{"activationFee":199.0,"dataBenefit":null,"rateGroupNames":[],"rentalPeriod":19,"rentalType":"Others","smsBenefit":null,"tariffPackageDesc":"TEST_TP1","tariff_package_id":1225,"voiceBenefit":"24000 Sec"},{"activationFee":199.0,"dataBenefit":null,"rateGroupNames":[],"rentalPeriod":19,"rentalType":"Others","smsBenefit":null,"tariffPackageDesc":"TEST_TP2","tariff_package_id":1226,"voiceBenefit":"24000 Sec"},{"activationFee":199.0,"dataBenefit":null,"rateGroupNames":[],"rentalPeriod":19,"rentalType":"Others","smsBenefit":null,"tariffPackageDesc":"TEST_TP3","tariff_package_id":1227,"voiceBenefit":"24000 Sec"},{"activationFee":199.0,"dataBenefit":null,"rateGroupNames":[],"rentalPeriod":19,"rentalType":"Others","smsBenefit":null,"tariffPackageDesc":"TEST_TP4","tariff_package_id":1228,"voiceBenefit":"24000 Sec"},{"activationFee":199.0,"dataBenefit":null,"rateGroupNames":[],"rentalPeriod":19,"rentalType":"Others","smsBenefit":null,"tariffPackageDesc":"TP_001","tariff_package_id":1229,"voiceBenefit":"24000 Sec"},{"activationFee":0.0,"dataBenefit":null,"rateGroupNames":[],"rentalPeriod":30,"rentalType":null,"smsBenefit":"50 SMS","tariffPackageDesc":"TP_11","tariff_package_id":1241,"voiceBenefit":"24000 Sec"},{"activationFee":199.0,"dataBenefit":null,"rateGroupNames":[],"rentalPeriod":19,"rentalType":"Others","smsBenefit":null,"tariffPackageDesc":"TP_002","tariff_package_id":1242,"voiceBenefit":"24000 Sec"},{"activationFee":199.0,"dataBenefit":null,"rateGroupNames":[],"rentalPeriod":19,"rentalType":"Others","smsBenefit":null,"tariffPackageDesc":"TP_003","tariff_package_id":1243,"voiceBenefit":"24000 Sec"},{"activationFee":0.0,"dataBenefit":null,"rateGroupNames":[],"rentalPeriod":30,"rentalType":null,"smsBenefit":null,"tariffPackageDesc":"TP_008","tariff_package_id":1244,"voiceBenefit":"24000 Sec"},{"activationFee":0.0,"dataBenefit":"10 MB","rateGroupNames":["phonepe","MUNDO","load_izzi2"],"rentalPeriod":30,"rentalType":null,"smsBenefit":null,"tariffPackageDesc":"TP_1","tariff_package_id":1247,"voiceBenefit":null},{"activationFee":0.0,"dataBenefit":"10 MB","rateGroupNames":["load_izzi2","phonepe","MUNDO"],"rentalPeriod":1,"rentalType":null,"smsBenefit":null,"tariffPackageDesc":"TP001","tariff_package_id":1248,"voiceBenefit":null},{"activationFee":0.0,"dataBenefit":"10 MB","rateGroupNames":[],"rentalPeriod":1,"rentalType":null,"smsBenefit":null,"tariffPackageDesc":"TP_99","tariff_package_id":1265,"voiceBenefit":"24000 Sec"},{"activationFee":0.0,"dataBenefit":"10 MB","rateGroupNames":[],"rentalPeriod":1,"rentalType":null,"smsBenefit":null,"tariffPackageDesc":"TP_909","tariff_package_id":1266,"voiceBenefit":"24000 Sec"},{"activationFee":0.0,"dataBenefit":"10 MB","rateGroupNames":[],"rentalPeriod":1,"rentalType":null,"smsBenefit":null,"tariffPackageDesc":"TP_919","tariff_package_id":1267,"voiceBenefit":"24000 Sec"},{"activationFee":0.0,"dataBenefit":"10 MB","rateGroupNames":[],"rentalPeriod":1,"rentalType":null,"smsBenefit":null,"tariffPackageDesc":"TP_929","tariff_package_id":1268,"voiceBenefit":"24000 Sec"},{"activationFee":0.0,"dataBenefit":"20 MB","rateGroupNames":["phonepe","MUNDO","webtoon","load_izzi2"],"rentalPeriod":1,"rentalType":null,"smsBenefit":null,"tariffPackageDesc":"TP_939","tariff_package_id":1269,"voiceBenefit":"24000 Sec"},{"activationFee":0.0,"dataBenefit":"10 MB","rateGroupNames":[],"rentalPeriod":1,"rentalType":null,"smsBenefit":null,"tariffPackageDesc":"TP_959","tariff_package_id":1270,"voiceBenefit":"24000 Sec"},{"activationFee":0.0,"dataBenefit":"10 MB","rateGroupNames":[],"rentalPeriod":1,"rentalType":null,"smsBenefit":"50 SMS","tariffPackageDesc":"TP_969","tariff_package_id":1271,"voiceBenefit":null},{"activationFee":0.0,"dataBenefit":"10 MB","rateGroupNames":[],"rentalPeriod":1,"rentalType":null,"smsBenefit":null,"tariffPackageDesc":"TP_979","tariff_package_id":1272,"voiceBenefit":"24000 Sec"},{"activationFee":0.0,"dataBenefit":"10 MB","rateGroupNames":[],"rentalPeriod":1,"rentalType":null,"smsBenefit":null,"tariffPackageDesc":"TP100","tariff_package_id":1273,"voiceBenefit":"24000 Sec"},{"activationFee":0.0,"dataBenefit":"10 MB","rateGroupNames":[],"rentalPeriod":1,"rentalType":null,"smsBenefit":"50 SMS","tariffPackageDesc":"test_xi","tariff_package_id":1281,"voiceBenefit":"24000 Sec"},{"activationFee":0.0,"dataBenefit":"10 MB","rateGroupNames":[],"rentalPeriod":1,"rentalType":null,"smsBenefit":"50 SMS","tariffPackageDesc":"test_xiu","tariff_package_id":1282,"voiceBenefit":"24000 Sec"},{"activationFee":0.0,"dataBenefit":"10 MB","rateGroupNames":[],"rentalPeriod":1,"rentalType":null,"smsBenefit":"50 SMS","tariffPackageDesc":"test_s","tariff_package_id":1283,"voiceBenefit":"24000 Sec"},{"activationFee":0.0,"dataBenefit":null,"rateGroupNames":[],"rentalPeriod":1,"rentalType":null,"smsBenefit":"50 SMS","tariffPackageDesc":"XIUS","tariff_package_id":1284,"voiceBenefit":null},{"activationFee":0.0,"dataBenefit":null,"rateGroupNames":[],"rentalPeriod":1,"rentalType":null,"smsBenefit":"50 SMS","tariffPackageDesc":"Test_s1","tariff_package_id":1301,"voiceBenefit":null},{"activationFee":0.0,"dataBenefit":"10 MB","rateGroupNames":[],"rentalPeriod":1,"rentalType":null,"smsBenefit":null,"tariffPackageDesc":"test01","tariff_package_id":1321,"voiceBenefit":"24000 Sec"},{"activationFee":0.0,"dataBenefit":"10 MB","rateGroupNames":[],"rentalPeriod":1,"rentalType":null,"smsBenefit":null,"tariffPackageDesc":"TP_01","tariff_package_id":1341,"voiceBenefit":null},{"activationFee":0.0,"dataBenefit":null,"rateGroupNames":[],"rentalPeriod":1,"rentalType":null,"smsBenefit":null,"tariffPackageDesc":"TP01","tariff_package_id":1361,"voiceBenefit":"24000 Sec"},{"activationFee":0.0,"dataBenefit":"10 MB","rateGroupNames":[],"rentalPeriod":1,"rentalType":null,"smsBenefit":"50 SMS","tariffPackageDesc":"TP000","tariff_package_id":1381,"voiceBenefit":"24000 Sec"},{"activationFee":0.0,"dataBenefit":"10 MB","rateGroupNames":[],"rentalPeriod":1,"rentalType":null,"smsBenefit":null,"tariffPackageDesc":"Test_pkg","tariff_package_id":1382,"voiceBenefit":null},{"activationFee":0.0,"dataBenefit":"10 MB","rateGroupNames":[],"rentalPeriod":1,"rentalType":null,"smsBenefit":"50 SMS","tariffPackageDesc":"Test_TP","tariff_package_id":1401,"voiceBenefit":"18000 Sec"},{"activationFee":0.0,"dataBenefit":null,"rateGroupNames":[],"rentalPeriod":1,"rentalType":null,"smsBenefit":"50 SMS","tariffPackageDesc":"xius1","tariff_package_id":1402,"voiceBenefit":null},{"activationFee":0.0,"dataBenefit":"10 MB","rateGroupNames":[],"rentalPeriod":1,"rentalType":null,"smsBenefit":null,"tariffPackageDesc":"test_draft","tariff_package_id":1403,"voiceBenefit":null},{"activationFee":0.0,"dataBenefit":null,"rateGroupNames":[],"rentalPeriod":1,"rentalType":null,"smsBenefit":"50 SMS","tariffPackageDesc":"xius11","tariff_package_id":1405,"voiceBenefit":null},{"activationFee":0.0,"dataBenefit":null,"rateGroupNames":[],"rentalPeriod":1,"rentalType":null,"smsBenefit":null,"tariffPackageDesc":"GFCSNG","tariff_package_id":1406,"voiceBenefit":"24000 Sec"},{"activationFee":0.0,"dataBenefit":null,"rateGroupNames":[],"rentalPeriod":1,"rentalType":null,"smsBenefit":null,"tariffPackageDesc":"testing2","tariff_package_id":1407,"voiceBenefit":"24000 Sec"},{"activationFee":0.0,"dataBenefit":null,"rateGroupNames":[],"rentalPeriod":1,"rentalType":null,"smsBenefit":null,"tariffPackageDesc":"tsf","tariff_package_id":1408,"voiceBenefit":"24000 Sec"},{"activationFee":0.0,"dataBenefit":"20 MB","rateGroupNames":[],"rentalPeriod":30,"rentalType":null,"smsBenefit":null,"tariffPackageDesc":"tp_test","tariff_package_id":1421,"voiceBenefit":null},{"activationFee":0.0,"dataBenefit":null,"rateGroupNames":[],"rentalPeriod":1,"rentalType":null,"smsBenefit":null,"tariffPackageDesc":"TESTH","tariff_package_id":1422,"voiceBenefit":"24000 Sec"},{"activationFee":0.0,"dataBenefit":null,"rateGroupNames":[],"rentalPeriod":1,"rentalType":null,"smsBenefit":null,"tariffPackageDesc":"TESTF","tariff_package_id":1423,"voiceBenefit":"18000 Sec"},{"activationFee":0.0,"dataBenefit":null,"rateGroupNames":[],"rentalPeriod":1,"rentalType":null,"smsBenefit":"50 SMS","tariffPackageDesc":"Pack","tariff_package_id":1441,"voiceBenefit":null},{"activationFee":0.0,"dataBenefit":"20 MB","rateGroupNames":[],"rentalPeriod":1,"rentalType":null,"smsBenefit":"50 SMS","tariffPackageDesc":"Pack1","tariff_package_id":1442,"voiceBenefit":null},{"activationFee":0.0,"dataBenefit":"20 MB","rateGroupNames":[],"rentalPeriod":1,"rentalType":null,"smsBenefit":"50 SMS","tariffPackageDesc":"Pack2","tariff_package_id":1443,"voiceBenefit":null},{"activationFee":0.0,"dataBenefit":"20 MB","rateGroupNames":[],"rentalPeriod":1,"rentalType":null,"smsBenefit":null,"tariffPackageDesc":"PACK444","tariff_package_id":1457,"voiceBenefit":"24000 Sec"},{"activationFee":0.0,"dataBenefit":"10 MB","rateGroupNames":[],"rentalPeriod":1,"rentalType":null,"smsBenefit":"50 SMS","tariffPackageDesc":"xiustest","tariff_package_id":1461,"voiceBenefit":"24000 Sec"},{"activationFee":0.0,"dataBenefit":null,"rateGroupNames":[],"rentalPeriod":0,"rentalType":null,"smsBenefit":"50 SMS","tariffPackageDesc":"test_a","tariff_package_id":1463,"voiceBenefit":null},{"activationFee":0.0,"dataBenefit":"20 MB","rateGroupNames":[],"rentalPeriod":0,"rentalType":null,"smsBenefit":null,"tariffPackageDesc":"test_ep","tariff_package_id":1466,"voiceBenefit":null},{"activationFee":0.0,"dataBenefit":null,"rateGroupNames":[],"rentalPeriod":0,"rentalType":null,"smsBenefit":"50 SMS","tariffPackageDesc":"test_tp06","tariff_package_id":1482,"voiceBenefit":null},{"activationFee":0.0,"dataBenefit":"20 MB","rateGroupNames":[],"rentalPeriod":1,"rentalType":null,"smsBenefit":null,"tariffPackageDesc":"TP_T1","tariff_package_id":1483,"voiceBenefit":null},{"activationFee":0.0,"dataBenefit":"20 MB","rateGroupNames":[],"rentalPeriod":1,"rentalType":null,"smsBenefit":null,"tariffPackageDesc":"test_T8","tariff_package_id":1486,"voiceBenefit":null},{"activationFee":0.0,"dataBenefit":"10 MB","rateGroupNames":[],"rentalPeriod":1,"rentalType":null,"smsBenefit":null,"tariffPackageDesc":"test_pri","tariff_package_id":1487,"voiceBenefit":"18000 Sec"},{"activationFee":0.0,"dataBenefit":null,"rateGroupNames":[],"rentalPeriod":1,"rentalType":null,"smsBenefit":null,"tariffPackageDesc":"test_pri1","tariff_package_id":1488,"voiceBenefit":"24000 Sec"},{"activationFee":0.0,"dataBenefit":"20 MB","rateGroupNames":[],"rentalPeriod":0,"rentalType":null,"smsBenefit":null,"tariffPackageDesc":"test_f65","tariff_package_id":1489,"voiceBenefit":null},{"activationFee":0.0,"dataBenefit":"20 MB","rateGroupNames":[],"rentalPeriod":1,"rentalType":null,"smsBenefit":null,"tariffPackageDesc":"TP_T1_CL3","tariff_package_id":1490,"voiceBenefit":null},{"activationFee":0.0,"dataBenefit":"20 MB","rateGroupNames":[],"rentalPeriod":1,"rentalType":null,"smsBenefit":null,"tariffPackageDesc":"TP_T1_CL4","tariff_package_id":1491,"voiceBenefit":null},{"activationFee":0.0,"dataBenefit":"20 MB","rateGroupNames":[],"rentalPeriod":1,"rentalType":null,"smsBenefit":null,"tariffPackageDesc":"TP_T1_CL5","tariff_package_id":1492,"voiceBenefit":null},{"activationFee":0.0,"dataBenefit":"20 MB","rateGroupNames":[],"rentalPeriod":1,"rentalType":null,"smsBenefit":null,"tariffPackageDesc":"TP_T1_CL6","tariff_package_id":1494,"voiceBenefit":null},{"activationFee":0.0,"dataBenefit":null,"rateGroupNames":[],"rentalPeriod":20,"rentalType":"Others","smsBenefit":"50 SMS","tariffPackageDesc":"testing","tariff_package_id":1501,"voiceBenefit":null},{"activationFee":0.0,"dataBenefit":"20 MB","rateGroupNames":[],"rentalPeriod":20,"rentalType":"Others","smsBenefit":null,"tariffPackageDesc":"test123","tariff_package_id":1502,"voiceBenefit":null},{"activationFee":699.0,"dataBenefit":null,"rateGroupNames":[],"rentalPeriod":11,"rentalType":"Others","smsBenefit":"50 SMS","tariffPackageDesc":"test234","tariff_package_id":1503,"voiceBenefit":null},{"activationFee":699.0,"dataBenefit":null,"rateGroupNames":[],"rentalPeriod":1,"rentalType":"Others","smsBenefit":"50 SMS","tariffPackageDesc":"test234_CL1","tariff_package_id":1504,"voiceBenefit":null},{"activationFee":399.0,"dataBenefit":"20 MB","rateGroupNames":[],"rentalPeriod":10,"rentalType":"Others","smsBenefit":null,"tariffPackageDesc":"clone_test","tariff_package_id":1505,"voiceBenefit":"24000 Sec"},{"activationFee":100.0,"dataBenefit":null,"rateGroupNames":[],"rentalPeriod":1,"rentalType":null,"smsBenefit":null,"tariffPackageDesc":"GFCSNG_CL1","tariff_package_id":1507,"voiceBenefit":"24000 Sec"},{"activationFee":0.0,"dataBenefit":"10 MB","rateGroupNames":[],"rentalPeriod":1,"rentalType":null,"smsBenefit":null,"tariffPackageDesc":"TP100_CL1","tariff_package_id":1508,"voiceBenefit":"24000 Sec"},{"activationFee":200.0,"dataBenefit":null,"rateGroupNames":[],"rentalPeriod":1,"rentalType":null,"smsBenefit":null,"tariffPackageDesc":"TARF_CL1","tariff_package_id":1509,"voiceBenefit":"24000 Sec"},{"activationFee":599.0,"dataBenefit":null,"rateGroupNames":[],"rentalPeriod":1,"rentalType":"Others","smsBenefit":null,"tariffPackageDesc":"testing2_CL1","tariff_package_id":1510,"voiceBenefit":"24000 Sec"},{"activationFee":100.0,"dataBenefit":null,"rateGroupNames":[],"rentalPeriod":56,"rentalType":"Others","smsBenefit":null,"tariffPackageDesc":"test456","tariff_package_id":1511,"voiceBenefit":"24000 Sec"},{"activationFee":676.0,"dataBenefit":"20 MB","rateGroupNames":[],"rentalPeriod":87,"rentalType":"Others","smsBenefit":"50 SMS","tariffPackageDesc":"test10","tariff_package_id":1512,"voiceBenefit":"24000 Sec"},{"activationFee":100.0,"dataBenefit":null,"rateGroupNames":[],"rentalPeriod":1,"rentalType":"Others","smsBenefit":null,"tariffPackageDesc":"test456_CL1","tariff_package_id":1513,"voiceBenefit":"24000 Sec"},{"activationFee":120.0,"dataBenefit":null,"rateGroupNames":[],"rentalPeriod":1,"rentalType":"Others","smsBenefit":"50 SMS","tariffPackageDesc":"test456_CL2","tariff_package_id":1514,"voiceBenefit":"24000 Sec"},{"activationFee":0.0,"dataBenefit":"20 MB","rateGroupNames":[],"rentalPeriod":20,"rentalType":"Others","smsBenefit":null,"tariffPackageDesc":"test123_CL1","tariff_package_id":1515,"voiceBenefit":null},{"activationFee":299.0,"dataBenefit":null,"rateGroupNames":[],"rentalPeriod":1,"rentalType":"Monthly","smsBenefit":null,"tariffPackageDesc":"clonetest","tariff_package_id":1517,"voiceBenefit":"24000 Sec"},{"activationFee":679.0,"dataBenefit":"20 MB","rateGroupNames":[],"rentalPeriod":67,"rentalType":"Others","smsBenefit":null,"tariffPackageDesc":"tp134","tariff_package_id":1518,"voiceBenefit":null},{"activationFee":150.0,"dataBenefit":null,"rateGroupNames":["phonepe","MUNDO","webtoon","load_izzi2"],"rentalPeriod":19,"rentalType":"Monthly","smsBenefit":null,"tariffPackageDesc":"USERTEST","tariff_package_id":1519,"voiceBenefit":"30000 Sec"},{"activationFee":299.0,"dataBenefit":"10 MB","rateGroupNames":[],"rentalPeriod":11,"rentalType":"Monthly","smsBenefit":"50 SMS","tariffPackageDesc":"MI MUNDO M_CL1","tariff_package_id":1520,"voiceBenefit":"24000 Sec"},{"activationFee":2.0,"dataBenefit":null,"rateGroupNames":[],"rentalPeriod":1,"rentalType":"Monthly","smsBenefit":null,"tariffPackageDesc":"USERTEST_CL1","tariff_package_id":1521,"voiceBenefit":"30000 Sec"},{"activationFee":159.0,"dataBenefit":null,"rateGroupNames":[],"rentalPeriod":1,"rentalType":"Monthly","smsBenefit":null,"tariffPackageDesc":"USERTEST_CL2","tariff_package_id":1522,"voiceBenefit":"30000 Sec"},{"activationFee":0.0,"dataBenefit":null,"rateGroupNames":[],"rentalPeriod":1,"rentalType":null,"smsBenefit":null,"tariffPackageDesc":"TARF_CL1_CL1","tariff_package_id":1524,"voiceBenefit":"24000 Sec"},{"activationFee":99.0,"dataBenefit":"10 KB","rateGroupNames":[],"rentalPeriod":1,"rentalType":"Monthly","smsBenefit":null,"tariffPackageDesc":"POSTPAID_CL1","tariff_package_id":1525,"voiceBenefit":"30000 Sec"},{"activationFee":2.0,"dataBenefit":null,"rateGroupNames":[],"rentalPeriod":1,"rentalType":"Monthly","smsBenefit":null,"tariffPackageDesc":"USERTEST_CL3","tariff_package_id":1526,"voiceBenefit":"30000 Sec"},{"activationFee":0.0,"dataBenefit":null,"rateGroupNames":[],"rentalPeriod":1,"rentalType":null,"smsBenefit":null,"tariffPackageDesc":"priority","tariff_package_id":1527,"voiceBenefit":"24000 Sec"},{"activationFee":999.0,"dataBenefit":null,"rateGroupNames":[],"rentalPeriod":1,"rentalType":"Monthly","smsBenefit":"50 SMS","tariffPackageDesc":"tp_test1","tariff_package_id":1528,"voiceBenefit":null},{"activationFee":679.0,"dataBenefit":"20 MB","rateGroupNames":[],"rentalPeriod":67,"rentalType":"Others","smsBenefit":null,"tariffPackageDesc":"tp134_CL1","tariff_package_id":1529,"voiceBenefit":null},{"activationFee":679.0,"dataBenefit":"20 MB","rateGroupNames":[],"rentalPeriod":67,"rentalType":"Others","smsBenefit":null,"tariffPackageDesc":"tp134_CL2","tariff_package_id":1533,"voiceBenefit":null},{"activationFee":100.0,"dataBenefit":null,"rateGroupNames":[],"rentalPeriod":56,"rentalType":"Others","smsBenefit":null,"tariffPackageDesc":"test456_CL3","tariff_package_id":1534,"voiceBenefit":"24000 Sec"},{"activationFee":249.0,"dataBenefit":null,"rateGroupNames":[],"rentalPeriod":1,"rentalType":"Monthly","smsBenefit":"50 SMS","tariffPackageDesc":"SMS_PLAN1","tariff_package_id":1535,"voiceBenefit":null},{"activationFee":249.0,"dataBenefit":null,"rateGroupNames":[],"rentalPeriod":1,"rentalType":"Monthly","smsBenefit":"50 SMS","tariffPackageDesc":"SMS_PLAN1_CL1","tariff_package_id":1536,"voiceBenefit":null},{"activationFee":99.0,"dataBenefit":"10 KB","rateGroupNames":[],"rentalPeriod":1,"rentalType":"Monthly","smsBenefit":null,"tariffPackageDesc":"POSTPAID_CL1_CL1","tariff_package_id":1537,"voiceBenefit":"30000 Sec"},{"activationFee":99.0,"dataBenefit":"10 KB","rateGroupNames":[],"rentalPeriod":1,"rentalType":"Monthly","smsBenefit":null,"tariffPackageDesc":"POSTPAID_CL1_CL1_CL1","tariff_package_id":1538,"voiceBenefit":"30000 Sec"},{"activationFee":2.0,"dataBenefit":null,"rateGroupNames":[],"rentalPeriod":1,"rentalType":"Monthly","smsBenefit":null,"tariffPackageDesc":"USERTEST_CL1_CL1","tariff_package_id":1539,"voiceBenefit":"30000 Sec"},{"activationFee":769.0,"dataBenefit":null,"rateGroupNames":[],"rentalPeriod":1,"rentalType":"Monthly","smsBenefit":null,"tariffPackageDesc":"test_05_26","tariff_package_id":1540,"voiceBenefit":"24000 Sec"},{"activationFee":49.0,"dataBenefit":null,"rateGroupNames":[],"rentalPeriod":22,"rentalType":"Others","smsBenefit":"50 SMS","tariffPackageDesc":"test_87","tariff_package_id":1542,"voiceBenefit":null}]
[2026-06-08T16:15:00.355] [TarrifBuilder] [INFO ]  [com.xius.TariffBuilder.config.ApiLogger.doFilterInternal] Execution time 763 ms
[2026-06-08T16:15:00.356] [TarrifBuilder] [INFO ]  [com.xius.TariffBuilder.config.ApiLogger.doFilterInternal] ------------ handleResponse ------------
[2026-06-08T16:15:13.885] [TarrifBuilder] [INFO ]  [com.xius.TariffBuilder.config.ApiLogger.doFilterInternal] ------------ handleRequest ------------
[2026-06-08T16:15:13.885] [TarrifBuilder] [INFO ]  [com.xius.TariffBuilder.config.ApiLogger.doFilterInternal] GET
[2026-06-08T16:15:13.885] [TarrifBuilder] [INFO ]  [com.xius.TariffBuilder.config.ApiLogger.doFilterInternal] /details
[2026-06-08T16:15:13.886] [TarrifBuilder] [INFO ]  [com.xius.TariffBuilder.config.ApiLogger.doFilterInternal] 0:0:0:0:0:0:0:1
[2026-06-08T16:15:13.887] [TarrifBuilder] [INFO ]  [com.xius.TariffBuilder.UserService.TariffUpdateService.getTariffPackageDetails] GetTariffPackageDetails request received tariffPackageId=1542 networkId=16
[2026-06-08T16:15:13.914] [TarrifBuilder] [INFO ]  [com.xius.TariffBuilder.UserService.TariffUpdateService.getTariffPackageDetails] GetTariffPackageDetails completed tariffPackageId=1542 defaultAtps=1 allowedAtps=0
[2026-06-08T16:15:13.916] [TarrifBuilder] [INFO ]  [com.xius.TariffBuilder.config.ApiLogger.doFilterInternal] 200
[2026-06-08T16:15:13.917] [TarrifBuilder] [INFO ]  [com.xius.TariffBuilder.config.ApiLogger.doFilterInternal] Response Payload {"tpName":"test_87","username":"","networkId":16,"data":{"username":"","isUpdate":true,"submittedOn":"08 Jun 2026","packageType":"PREPAID","tariffPackCategory":"NORMAL","tariffPackageDesc":"test_87","charge":"49.0","endDate":"06/26/2026","publicityId":"p_87","discountOnRentalYn":false,"isCorporateYn":false,"tariffPlanId":2404,"tariffPlanName":"MI MUNDO L SMS_test_87","selectedSvcs_s2":["SMS"],"selectedSvcs_s3":["SMS"],"selectedSvcs_s4":[],"defaultAtps":[{"servicePackageId":2405,"packageName":"MI MUNDO_T5_test_87","chargeId":"test_87_PR1","validity":"O","rentalPeriod":22,"midnightExpiry":"No","activationFee":49.0,"renewal":"Yes","rental":5.0,"maxCount":8,"freeCycles":"8"}],"allowedAtps":[]}}
[2026-06-08T16:15:13.917] [TarrifBuilder] [INFO ]  [com.xius.TariffBuilder.config.ApiLogger.doFilterInternal] Execution time 44 ms
[2026-06-08T16:15:13.918] [TarrifBuilder] [INFO ]  [com.xius.TariffBuilder.config.ApiLogger.doFilterInternal] ------------ handleResponse ------------
[2026-06-08T16:15:26.254] [TarrifBuilder] [INFO ]  [com.xius.TariffBuilder.config.ApiLogger.doFilterInternal] ------------ handleRequest ------------
[2026-06-08T16:15:26.255] [TarrifBuilder] [INFO ]  [com.xius.TariffBuilder.config.ApiLogger.doFilterInternal] GET
[2026-06-08T16:15:26.255] [TarrifBuilder] [INFO ]  [com.xius.TariffBuilder.config.ApiLogger.doFilterInternal] /tariff-package-details
[2026-06-08T16:15:26.256] [TarrifBuilder] [INFO ]  [com.xius.TariffBuilder.config.ApiLogger.doFilterInternal] 0:0:0:0:0:0:0:1
[2026-06-08T16:15:27.271] [TarrifBuilder] [INFO ]  [com.xius.TariffBuilder.config.ApiLogger.doFilterInternal] 200
[2026-06-08T16:15:27.271] [TarrifBuilder] [INFO ]  [com.xius.TariffBuilder.config.ApiLogger.doFilterInternal] Response Payload [{"activationFee":0.0,"dataBenefit":"UNLIMITED","rateGroupNames":["izzi_load9","MUNDO","ALL","youtube","phonepe","Freecharge","load_izzi2","FB","load_izzi6","izzi_load10","izzi_load11","load_izzi5","insta","Gpay","Mipay","load_izzi4","pintrest","load_izzi3","izzi_load7","izzi_load12","izzi_load13","paytm"],"rentalPeriod":30,"rentalType":"Others","smsBenefit":"UNLIMITED","tariffPackageDesc":"IZZI_PACKAGE","tariff_package_id":602,"voiceBenefit":"UNLIMITED"},{"activationFee":0.0,"dataBenefit":"UNLIMITED","rateGroupNames":["izzi_load9","paytm","izzi_load10","Freecharge","load_izzi5","izzi_load7","load_izzi4","Mipay","load_izzi3","load_izzi6","phonepe","Gpay"],"rentalPeriod":30,"rentalType":"Monthly","smsBenefit":"UNLIMITED","tariffPackageDesc":"MI MUNDO S","tariff_package_id":1121,"voiceBenefit":"UNLIMITED"},{"activationFee":0.0,"dataBenefit":"10 MB","rateGroupNames":["MUNDO","webtoon"],"rentalPeriod":0,"rentalType":"Monthly","smsBenefit":"50 SMS","tariffPackageDesc":"MI MUNDO M","tariff_package_id":1122,"voiceBenefit":"24000 Sec"},{"activationFee":0.0,"dataBenefit":"30 MB","rateGroupNames":["load_izzi2","MUNDO","phonepe","webtoon"],"rentalPeriod":0,"rentalType":"Monthly","smsBenefit":"50 SMS","tariffPackageDesc":"MI MUNDO L","tariff_package_id":1123,"voiceBenefit":"30000 Sec"},{"activationFee":2.0,"dataBenefit":"10 KB","rateGroupNames":["MUNDO"],"rentalPeriod":0,"rentalType":"Monthly","smsBenefit":null,"tariffPackageDesc":"POSTPAID","tariff_package_id":1124,"voiceBenefit":"30000 Sec"},{"activationFee":5.0,"dataBenefit":"30 MB","rateGroupNames":["load_izzi2","MUNDO","webtoon","phonepe"],"rentalPeriod":0,"rentalType":"Monthly","smsBenefit":"50 SMS","tariffPackageDesc":"RENEWALS TP","tariff_package_id":1141,"voiceBenefit":"30000 Sec"},{"activationFee":2.0,"dataBenefit":"30 MB","rateGroupNames":["webtoon","load_izzi2","MUNDO","phonepe"],"rentalPeriod":0,"rentalType":"Monthly","smsBenefit":"50 SMS","tariffPackageDesc":"TEST_XIUS","tariff_package_id":1161,"voiceBenefit":null},{"activationFee":0.0,"dataBenefit":"20 MB","rateGroupNames":["webtoon","phonepe","load_izzi2","MUNDO"],"rentalPeriod":30,"rentalType":null,"smsBenefit":"50 SMS","tariffPackageDesc":"TEST_PLAN_2","tariff_package_id":1188,"voiceBenefit":"30000 Sec"},{"activationFee":0.0,"dataBenefit":"20 MB","rateGroupNames":["load_izzi2","MUNDO","phonepe","webtoon"],"rentalPeriod":30,"rentalType":null,"smsBenefit":"50 SMS","tariffPackageDesc":"TEST_PLAN_3","tariff_package_id":1189,"voiceBenefit":"30000 Sec"},{"activationFee":0.0,"dataBenefit":null,"rateGroupNames":["webtoon","MUNDO"],"rentalPeriod":30,"rentalType":null,"smsBenefit":null,"tariffPackageDesc":"TEST_PLAN_4","tariff_package_id":1201,"voiceBenefit":"24000 Sec"},{"activationFee":0.0,"dataBenefit":null,"rateGroupNames":["webtoon","MUNDO"],"rentalPeriod":30,"rentalType":null,"smsBenefit":null,"tariffPackageDesc":"TEST_PLAN_5","tariff_package_id":1203,"voiceBenefit":"24000 Sec"},{"activationFee":0.0,"dataBenefit":null,"rateGroupNames":[],"rentalPeriod":30,"rentalType":null,"smsBenefit":null,"tariffPackageDesc":"TEST1","tariff_package_id":1204,"voiceBenefit":"24000 Sec"},{"activationFee":0.0,"dataBenefit":null,"rateGroupNames":[],"rentalPeriod":30,"rentalType":null,"smsBenefit":null,"tariffPackageDesc":"TEST2","tariff_package_id":1206,"voiceBenefit":"24000 Sec"},{"activationFee":199.0,"dataBenefit":null,"rateGroupNames":[],"rentalPeriod":19,"rentalType":"Others","smsBenefit":null,"tariffPackageDesc":"TEST5","tariff_package_id":1207,"voiceBenefit":"24000 Sec"},{"activationFee":199.0,"dataBenefit":null,"rateGroupNames":[],"rentalPeriod":19,"rentalType":"Others","smsBenefit":null,"tariffPackageDesc":"TARF","tariff_package_id":1208,"voiceBenefit":"24000 Sec"},{"activationFee":0.0,"dataBenefit":"10 MB","rateGroupNames":["MUNDO","webtoon"],"rentalPeriod":30,"rentalType":null,"smsBenefit":"50 SMS","tariffPackageDesc":"TEST","tariff_package_id":1221,"voiceBenefit":"18000 Sec"},{"activationFee":199.0,"dataBenefit":null,"rateGroupNames":[],"rentalPeriod":19,"rentalType":"Others","smsBenefit":null,"tariffPackageDesc":"TP1","tariff_package_id":1222,"voiceBenefit":"24000 Sec"},{"activationFee":199.0,"dataBenefit":null,"rateGroupNames":[],"rentalPeriod":19,"rentalType":"Others","smsBenefit":null,"tariffPackageDesc":"TESTK","tariff_package_id":1224,"voiceBenefit":"24000 Sec"},{"activationFee":199.0,"dataBenefit":null,"rateGroupNames":[],"rentalPeriod":19,"rentalType":"Others","smsBenefit":null,"tariffPackageDesc":"TEST_TP1","tariff_package_id":1225,"voiceBenefit":"24000 Sec"},{"activationFee":199.0,"dataBenefit":null,"rateGroupNames":[],"rentalPeriod":19,"rentalType":"Others","smsBenefit":null,"tariffPackageDesc":"TEST_TP2","tariff_package_id":1226,"voiceBenefit":"24000 Sec"},{"activationFee":199.0,"dataBenefit":null,"rateGroupNames":[],"rentalPeriod":19,"rentalType":"Others","smsBenefit":null,"tariffPackageDesc":"TEST_TP3","tariff_package_id":1227,"voiceBenefit":"24000 Sec"},{"activationFee":199.0,"dataBenefit":null,"rateGroupNames":[],"rentalPeriod":19,"rentalType":"Others","smsBenefit":null,"tariffPackageDesc":"TEST_TP4","tariff_package_id":1228,"voiceBenefit":"24000 Sec"},{"activationFee":199.0,"dataBenefit":null,"rateGroupNames":[],"rentalPeriod":19,"rentalType":"Others","smsBenefit":null,"tariffPackageDesc":"TP_001","tariff_package_id":1229,"voiceBenefit":"24000 Sec"},{"activationFee":0.0,"dataBenefit":null,"rateGroupNames":[],"rentalPeriod":30,"rentalType":null,"smsBenefit":"50 SMS","tariffPackageDesc":"TP_11","tariff_package_id":1241,"voiceBenefit":"24000 Sec"},{"activationFee":199.0,"dataBenefit":null,"rateGroupNames":[],"rentalPeriod":19,"rentalType":"Others","smsBenefit":null,"tariffPackageDesc":"TP_002","tariff_package_id":1242,"voiceBenefit":"24000 Sec"},{"activationFee":199.0,"dataBenefit":null,"rateGroupNames":[],"rentalPeriod":19,"rentalType":"Others","smsBenefit":null,"tariffPackageDesc":"TP_003","tariff_package_id":1243,"voiceBenefit":"24000 Sec"},{"activationFee":0.0,"dataBenefit":null,"rateGroupNames":[],"rentalPeriod":30,"rentalType":null,"smsBenefit":null,"tariffPackageDesc":"TP_008","tariff_package_id":1244,"voiceBenefit":"24000 Sec"},{"activationFee":0.0,"dataBenefit":"10 MB","rateGroupNames":["phonepe","MUNDO","load_izzi2"],"rentalPeriod":30,"rentalType":null,"smsBenefit":null,"tariffPackageDesc":"TP_1","tariff_package_id":1247,"voiceBenefit":null},{"activationFee":0.0,"dataBenefit":"10 MB","rateGroupNames":["load_izzi2","phonepe","MUNDO"],"rentalPeriod":1,"rentalType":null,"smsBenefit":null,"tariffPackageDesc":"TP001","tariff_package_id":1248,"voiceBenefit":null},{"activationFee":0.0,"dataBenefit":"10 MB","rateGroupNames":[],"rentalPeriod":1,"rentalType":null,"smsBenefit":null,"tariffPackageDesc":"TP_99","tariff_package_id":1265,"voiceBenefit":"24000 Sec"},{"activationFee":0.0,"dataBenefit":"10 MB","rateGroupNames":[],"rentalPeriod":1,"rentalType":null,"smsBenefit":null,"tariffPackageDesc":"TP_909","tariff_package_id":1266,"voiceBenefit":"24000 Sec"},{"activationFee":0.0,"dataBenefit":"10 MB","rateGroupNames":[],"rentalPeriod":1,"rentalType":null,"smsBenefit":null,"tariffPackageDesc":"TP_919","tariff_package_id":1267,"voiceBenefit":"24000 Sec"},{"activationFee":0.0,"dataBenefit":"10 MB","rateGroupNames":[],"rentalPeriod":1,"rentalType":null,"smsBenefit":null,"tariffPackageDesc":"TP_929","tariff_package_id":1268,"voiceBenefit":"24000 Sec"},{"activationFee":0.0,"dataBenefit":"20 MB","rateGroupNames":["phonepe","MUNDO","webtoon","load_izzi2"],"rentalPeriod":1,"rentalType":null,"smsBenefit":null,"tariffPackageDesc":"TP_939","tariff_package_id":1269,"voiceBenefit":"24000 Sec"},{"activationFee":0.0,"dataBenefit":"10 MB","rateGroupNames":[],"rentalPeriod":1,"rentalType":null,"smsBenefit":null,"tariffPackageDesc":"TP_959","tariff_package_id":1270,"voiceBenefit":"24000 Sec"},{"activationFee":0.0,"dataBenefit":"10 MB","rateGroupNames":[],"rentalPeriod":1,"rentalType":null,"smsBenefit":"50 SMS","tariffPackageDesc":"TP_969","tariff_package_id":1271,"voiceBenefit":null},{"activationFee":0.0,"dataBenefit":"10 MB","rateGroupNames":[],"rentalPeriod":1,"rentalType":null,"smsBenefit":null,"tariffPackageDesc":"TP_979","tariff_package_id":1272,"voiceBenefit":"24000 Sec"},{"activationFee":0.0,"dataBenefit":"10 MB","rateGroupNames":[],"rentalPeriod":1,"rentalType":null,"smsBenefit":null,"tariffPackageDesc":"TP100","tariff_package_id":1273,"voiceBenefit":"24000 Sec"},{"activationFee":0.0,"dataBenefit":"10 MB","rateGroupNames":[],"rentalPeriod":1,"rentalType":null,"smsBenefit":"50 SMS","tariffPackageDesc":"test_xi","tariff_package_id":1281,"voiceBenefit":"24000 Sec"},{"activationFee":0.0,"dataBenefit":"10 MB","rateGroupNames":[],"rentalPeriod":1,"rentalType":null,"smsBenefit":"50 SMS","tariffPackageDesc":"test_xiu","tariff_package_id":1282,"voiceBenefit":"24000 Sec"},{"activationFee":0.0,"dataBenefit":"10 MB","rateGroupNames":[],"rentalPeriod":1,"rentalType":null,"smsBenefit":"50 SMS","tariffPackageDesc":"test_s","tariff_package_id":1283,"voiceBenefit":"24000 Sec"},{"activationFee":0.0,"dataBenefit":null,"rateGroupNames":[],"rentalPeriod":1,"rentalType":null,"smsBenefit":"50 SMS","tariffPackageDesc":"XIUS","tariff_package_id":1284,"voiceBenefit":null},{"activationFee":0.0,"dataBenefit":null,"rateGroupNames":[],"rentalPeriod":1,"rentalType":null,"smsBenefit":"50 SMS","tariffPackageDesc":"Test_s1","tariff_package_id":1301,"voiceBenefit":null},{"activationFee":0.0,"dataBenefit":"10 MB","rateGroupNames":[],"rentalPeriod":1,"rentalType":null,"smsBenefit":null,"tariffPackageDesc":"test01","tariff_package_id":1321,"voiceBenefit":"24000 Sec"},{"activationFee":0.0,"dataBenefit":"10 MB","rateGroupNames":[],"rentalPeriod":1,"rentalType":null,"smsBenefit":null,"tariffPackageDesc":"TP_01","tariff_package_id":1341,"voiceBenefit":null},{"activationFee":0.0,"dataBenefit":null,"rateGroupNames":[],"rentalPeriod":1,"rentalType":null,"smsBenefit":null,"tariffPackageDesc":"TP01","tariff_package_id":1361,"voiceBenefit":"24000 Sec"},{"activationFee":0.0,"dataBenefit":"10 MB","rateGroupNames":[],"rentalPeriod":1,"rentalType":null,"smsBenefit":"50 SMS","tariffPackageDesc":"TP000","tariff_package_id":1381,"voiceBenefit":"24000 Sec"},{"activationFee":0.0,"dataBenefit":"10 MB","rateGroupNames":[],"rentalPeriod":1,"rentalType":null,"smsBenefit":null,"tariffPackageDesc":"Test_pkg","tariff_package_id":1382,"voiceBenefit":null},{"activationFee":0.0,"dataBenefit":"10 MB","rateGroupNames":[],"rentalPeriod":1,"rentalType":null,"smsBenefit":"50 SMS","tariffPackageDesc":"Test_TP","tariff_package_id":1401,"voiceBenefit":"18000 Sec"},{"activationFee":0.0,"dataBenefit":null,"rateGroupNames":[],"rentalPeriod":1,"rentalType":null,"smsBenefit":"50 SMS","tariffPackageDesc":"xius1","tariff_package_id":1402,"voiceBenefit":null},{"activationFee":0.0,"dataBenefit":"10 MB","rateGroupNames":[],"rentalPeriod":1,"rentalType":null,"smsBenefit":null,"tariffPackageDesc":"test_draft","tariff_package_id":1403,"voiceBenefit":null},{"activationFee":0.0,"dataBenefit":null,"rateGroupNames":[],"rentalPeriod":1,"rentalType":null,"smsBenefit":"50 SMS","tariffPackageDesc":"xius11","tariff_package_id":1405,"voiceBenefit":null},{"activationFee":0.0,"dataBenefit":null,"rateGroupNames":[],"rentalPeriod":1,"rentalType":null,"smsBenefit":null,"tariffPackageDesc":"GFCSNG","tariff_package_id":1406,"voiceBenefit":"24000 Sec"},{"activationFee":0.0,"dataBenefit":null,"rateGroupNames":[],"rentalPeriod":1,"rentalType":null,"smsBenefit":null,"tariffPackageDesc":"testing2","tariff_package_id":1407,"voiceBenefit":"24000 Sec"},{"activationFee":0.0,"dataBenefit":null,"rateGroupNames":[],"rentalPeriod":1,"rentalType":null,"smsBenefit":null,"tariffPackageDesc":"tsf","tariff_package_id":1408,"voiceBenefit":"24000 Sec"},{"activationFee":0.0,"dataBenefit":"20 MB","rateGroupNames":[],"rentalPeriod":30,"rentalType":null,"smsBenefit":null,"tariffPackageDesc":"tp_test","tariff_package_id":1421,"voiceBenefit":null},{"activationFee":0.0,"dataBenefit":null,"rateGroupNames":[],"rentalPeriod":1,"rentalType":null,"smsBenefit":null,"tariffPackageDesc":"TESTH","tariff_package_id":1422,"voiceBenefit":"24000 Sec"},{"activationFee":0.0,"dataBenefit":null,"rateGroupNames":[],"rentalPeriod":1,"rentalType":null,"smsBenefit":null,"tariffPackageDesc":"TESTF","tariff_package_id":1423,"voiceBenefit":"18000 Sec"},{"activationFee":0.0,"dataBenefit":null,"rateGroupNames":[],"rentalPeriod":1,"rentalType":null,"smsBenefit":"50 SMS","tariffPackageDesc":"Pack","tariff_package_id":1441,"voiceBenefit":null},{"activationFee":0.0,"dataBenefit":"20 MB","rateGroupNames":[],"rentalPeriod":1,"rentalType":null,"smsBenefit":"50 SMS","tariffPackageDesc":"Pack1","tariff_package_id":1442,"voiceBenefit":null},{"activationFee":0.0,"dataBenefit":"20 MB","rateGroupNames":[],"rentalPeriod":1,"rentalType":null,"smsBenefit":"50 SMS","tariffPackageDesc":"Pack2","tariff_package_id":1443,"voiceBenefit":null},{"activationFee":0.0,"dataBenefit":"20 MB","rateGroupNames":[],"rentalPeriod":1,"rentalType":null,"smsBenefit":null,"tariffPackageDesc":"PACK444","tariff_package_id":1457,"voiceBenefit":"24000 Sec"},{"activationFee":0.0,"dataBenefit":"10 MB","rateGroupNames":[],"rentalPeriod":1,"rentalType":null,"smsBenefit":"50 SMS","tariffPackageDesc":"xiustest","tariff_package_id":1461,"voiceBenefit":"24000 Sec"},{"activationFee":0.0,"dataBenefit":null,"rateGroupNames":[],"rentalPeriod":0,"rentalType":null,"smsBenefit":"50 SMS","tariffPackageDesc":"test_a","tariff_package_id":1463,"voiceBenefit":null},{"activationFee":0.0,"dataBenefit":"20 MB","rateGroupNames":[],"rentalPeriod":0,"rentalType":null,"smsBenefit":null,"tariffPackageDesc":"test_ep","tariff_package_id":1466,"voiceBenefit":null},{"activationFee":0.0,"dataBenefit":null,"rateGroupNames":[],"rentalPeriod":0,"rentalType":null,"smsBenefit":"50 SMS","tariffPackageDesc":"test_tp06","tariff_package_id":1482,"voiceBenefit":null},{"activationFee":0.0,"dataBenefit":"20 MB","rateGroupNames":[],"rentalPeriod":1,"rentalType":null,"smsBenefit":null,"tariffPackageDesc":"TP_T1","tariff_package_id":1483,"voiceBenefit":null},{"activationFee":0.0,"dataBenefit":"20 MB","rateGroupNames":[],"rentalPeriod":1,"rentalType":null,"smsBenefit":null,"tariffPackageDesc":"test_T8","tariff_package_id":1486,"voiceBenefit":null},{"activationFee":0.0,"dataBenefit":"10 MB","rateGroupNames":[],"rentalPeriod":1,"rentalType":null,"smsBenefit":null,"tariffPackageDesc":"test_pri","tariff_package_id":1487,"voiceBenefit":"18000 Sec"},{"activationFee":0.0,"dataBenefit":null,"rateGroupNames":[],"rentalPeriod":1,"rentalType":null,"smsBenefit":null,"tariffPackageDesc":"test_pri1","tariff_package_id":1488,"voiceBenefit":"24000 Sec"},{"activationFee":0.0,"dataBenefit":"20 MB","rateGroupNames":[],"rentalPeriod":0,"rentalType":null,"smsBenefit":null,"tariffPackageDesc":"test_f65","tariff_package_id":1489,"voiceBenefit":null},{"activationFee":0.0,"dataBenefit":"20 MB","rateGroupNames":[],"rentalPeriod":1,"rentalType":null,"smsBenefit":null,"tariffPackageDesc":"TP_T1_CL3","tariff_package_id":1490,"voiceBenefit":null},{"activationFee":0.0,"dataBenefit":"20 MB","rateGroupNames":[],"rentalPeriod":1,"rentalType":null,"smsBenefit":null,"tariffPackageDesc":"TP_T1_CL4","tariff_package_id":1491,"voiceBenefit":null},{"activationFee":0.0,"dataBenefit":"20 MB","rateGroupNames":[],"rentalPeriod":1,"rentalType":null,"smsBenefit":null,"tariffPackageDesc":"TP_T1_CL5","tariff_package_id":1492,"voiceBenefit":null},{"activationFee":0.0,"dataBenefit":"20 MB","rateGroupNames":[],"rentalPeriod":1,"rentalType":null,"smsBenefit":null,"tariffPackageDesc":"TP_T1_CL6","tariff_package_id":1494,"voiceBenefit":null},{"activationFee":0.0,"dataBenefit":null,"rateGroupNames":[],"rentalPeriod":20,"rentalType":"Others","smsBenefit":"50 SMS","tariffPackageDesc":"testing","tariff_package_id":1501,"voiceBenefit":null},{"activationFee":0.0,"dataBenefit":"20 MB","rateGroupNames":[],"rentalPeriod":20,"rentalType":"Others","smsBenefit":null,"tariffPackageDesc":"test123","tariff_package_id":1502,"voiceBenefit":null},{"activationFee":699.0,"dataBenefit":null,"rateGroupNames":[],"rentalPeriod":11,"rentalType":"Others","smsBenefit":"50 SMS","tariffPackageDesc":"test234","tariff_package_id":1503,"voiceBenefit":null},{"activationFee":699.0,"dataBenefit":null,"rateGroupNames":[],"rentalPeriod":1,"rentalType":"Others","smsBenefit":"50 SMS","tariffPackageDesc":"test234_CL1","tariff_package_id":1504,"voiceBenefit":null},{"activationFee":399.0,"dataBenefit":"20 MB","rateGroupNames":[],"rentalPeriod":10,"rentalType":"Others","smsBenefit":null,"tariffPackageDesc":"clone_test","tariff_package_id":1505,"voiceBenefit":"24000 Sec"},{"activationFee":100.0,"dataBenefit":null,"rateGroupNames":[],"rentalPeriod":1,"rentalType":null,"smsBenefit":null,"tariffPackageDesc":"GFCSNG_CL1","tariff_package_id":1507,"voiceBenefit":"24000 Sec"},{"activationFee":0.0,"dataBenefit":"10 MB","rateGroupNames":[],"rentalPeriod":1,"rentalType":null,"smsBenefit":null,"tariffPackageDesc":"TP100_CL1","tariff_package_id":1508,"voiceBenefit":"24000 Sec"},{"activationFee":200.0,"dataBenefit":null,"rateGroupNames":[],"rentalPeriod":1,"rentalType":null,"smsBenefit":null,"tariffPackageDesc":"TARF_CL1","tariff_package_id":1509,"voiceBenefit":"24000 Sec"},{"activationFee":599.0,"dataBenefit":null,"rateGroupNames":[],"rentalPeriod":1,"rentalType":"Others","smsBenefit":null,"tariffPackageDesc":"testing2_CL1","tariff_package_id":1510,"voiceBenefit":"24000 Sec"},{"activationFee":100.0,"dataBenefit":null,"rateGroupNames":[],"rentalPeriod":56,"rentalType":"Others","smsBenefit":null,"tariffPackageDesc":"test456","tariff_package_id":1511,"voiceBenefit":"24000 Sec"},{"activationFee":676.0,"dataBenefit":"20 MB","rateGroupNames":[],"rentalPeriod":87,"rentalType":"Others","smsBenefit":"50 SMS","tariffPackageDesc":"test10","tariff_package_id":1512,"voiceBenefit":"24000 Sec"},{"activationFee":100.0,"dataBenefit":null,"rateGroupNames":[],"rentalPeriod":1,"rentalType":"Others","smsBenefit":null,"tariffPackageDesc":"test456_CL1","tariff_package_id":1513,"voiceBenefit":"24000 Sec"},{"activationFee":120.0,"dataBenefit":null,"rateGroupNames":[],"rentalPeriod":1,"rentalType":"Others","smsBenefit":"50 SMS","tariffPackageDesc":"test456_CL2","tariff_package_id":1514,"voiceBenefit":"24000 Sec"},{"activationFee":0.0,"dataBenefit":"20 MB","rateGroupNames":[],"rentalPeriod":20,"rentalType":"Others","smsBenefit":null,"tariffPackageDesc":"test123_CL1","tariff_package_id":1515,"voiceBenefit":null},{"activationFee":299.0,"dataBenefit":null,"rateGroupNames":[],"rentalPeriod":1,"rentalType":"Monthly","smsBenefit":null,"tariffPackageDesc":"clonetest","tariff_package_id":1517,"voiceBenefit":"24000 Sec"},{"activationFee":679.0,"dataBenefit":"20 MB","rateGroupNames":[],"rentalPeriod":67,"rentalType":"Others","smsBenefit":null,"tariffPackageDesc":"tp134","tariff_package_id":1518,"voiceBenefit":null},{"activationFee":150.0,"dataBenefit":null,"rateGroupNames":["phonepe","MUNDO","webtoon","load_izzi2"],"rentalPeriod":19,"rentalType":"Monthly","smsBenefit":null,"tariffPackageDesc":"USERTEST","tariff_package_id":1519,"voiceBenefit":"30000 Sec"},{"activationFee":299.0,"dataBenefit":"10 MB","rateGroupNames":[],"rentalPeriod":11,"rentalType":"Monthly","smsBenefit":"50 SMS","tariffPackageDesc":"MI MUNDO M_CL1","tariff_package_id":1520,"voiceBenefit":"24000 Sec"},{"activationFee":2.0,"dataBenefit":null,"rateGroupNames":[],"rentalPeriod":1,"rentalType":"Monthly","smsBenefit":null,"tariffPackageDesc":"USERTEST_CL1","tariff_package_id":1521,"voiceBenefit":"30000 Sec"},{"activationFee":159.0,"dataBenefit":null,"rateGroupNames":[],"rentalPeriod":1,"rentalType":"Monthly","smsBenefit":null,"tariffPackageDesc":"USERTEST_CL2","tariff_package_id":1522,"voiceBenefit":"30000 Sec"},{"activationFee":0.0,"dataBenefit":null,"rateGroupNames":[],"rentalPeriod":1,"rentalType":null,"smsBenefit":null,"tariffPackageDesc":"TARF_CL1_CL1","tariff_package_id":1524,"voiceBenefit":"24000 Sec"},{"activationFee":99.0,"dataBenefit":"10 KB","rateGroupNames":[],"rentalPeriod":1,"rentalType":"Monthly","smsBenefit":null,"tariffPackageDesc":"POSTPAID_CL1","tariff_package_id":1525,"voiceBenefit":"30000 Sec"},{"activationFee":2.0,"dataBenefit":null,"rateGroupNames":[],"rentalPeriod":1,"rentalType":"Monthly","smsBenefit":null,"tariffPackageDesc":"USERTEST_CL3","tariff_package_id":1526,"voiceBenefit":"30000 Sec"},{"activationFee":0.0,"dataBenefit":null,"rateGroupNames":[],"rentalPeriod":1,"rentalType":null,"smsBenefit":null,"tariffPackageDesc":"priority","tariff_package_id":1527,"voiceBenefit":"24000 Sec"},{"activationFee":999.0,"dataBenefit":null,"rateGroupNames":[],"rentalPeriod":1,"rentalType":"Monthly","smsBenefit":"50 SMS","tariffPackageDesc":"tp_test1","tariff_package_id":1528,"voiceBenefit":null},{"activationFee":679.0,"dataBenefit":"20 MB","rateGroupNames":[],"rentalPeriod":67,"rentalType":"Others","smsBenefit":null,"tariffPackageDesc":"tp134_CL1","tariff_package_id":1529,"voiceBenefit":null},{"activationFee":679.0,"dataBenefit":"20 MB","rateGroupNames":[],"rentalPeriod":67,"rentalType":"Others","smsBenefit":null,"tariffPackageDesc":"tp134_CL2","tariff_package_id":1533,"voiceBenefit":null},{"activationFee":100.0,"dataBenefit":null,"rateGroupNames":[],"rentalPeriod":56,"rentalType":"Others","smsBenefit":null,"tariffPackageDesc":"test456_CL3","tariff_package_id":1534,"voiceBenefit":"24000 Sec"},{"activationFee":249.0,"dataBenefit":null,"rateGroupNames":[],"rentalPeriod":1,"rentalType":"Monthly","smsBenefit":"50 SMS","tariffPackageDesc":"SMS_PLAN1","tariff_package_id":1535,"voiceBenefit":null},{"activationFee":249.0,"dataBenefit":null,"rateGroupNames":[],"rentalPeriod":1,"rentalType":"Monthly","smsBenefit":"50 SMS","tariffPackageDesc":"SMS_PLAN1_CL1","tariff_package_id":1536,"voiceBenefit":null},{"activationFee":99.0,"dataBenefit":"10 KB","rateGroupNames":[],"rentalPeriod":1,"rentalType":"Monthly","smsBenefit":null,"tariffPackageDesc":"POSTPAID_CL1_CL1","tariff_package_id":1537,"voiceBenefit":"30000 Sec"},{"activationFee":99.0,"dataBenefit":"10 KB","rateGroupNames":[],"rentalPeriod":1,"rentalType":"Monthly","smsBenefit":null,"tariffPackageDesc":"POSTPAID_CL1_CL1_CL1","tariff_package_id":1538,"voiceBenefit":"30000 Sec"},{"activationFee":2.0,"dataBenefit":null,"rateGroupNames":[],"rentalPeriod":1,"rentalType":"Monthly","smsBenefit":null,"tariffPackageDesc":"USERTEST_CL1_CL1","tariff_package_id":1539,"voiceBenefit":"30000 Sec"},{"activationFee":769.0,"dataBenefit":null,"rateGroupNames":[],"rentalPeriod":1,"rentalType":"Monthly","smsBenefit":null,"tariffPackageDesc":"test_05_26","tariff_package_id":1540,"voiceBenefit":"24000 Sec"},{"activationFee":49.0,"dataBenefit":null,"rateGroupNames":[],"rentalPeriod":22,"rentalType":"Others","smsBenefit":"50 SMS","tariffPackageDesc":"test_87","tariff_package_id":1542,"voiceBenefit":null}]
[2026-06-08T16:15:27.271] [TarrifBuilder] [INFO ]  [com.xius.TariffBuilder.config.ApiLogger.doFilterInternal] Execution time 1017 ms
[2026-06-08T16:15:27.271] [TarrifBuilder] [INFO ]  [com.xius.TariffBuilder.config.ApiLogger.doFilterInternal] ------------ handleResponse ------------
[2026-06-08T16:15:34.866] [TarrifBuilder] [INFO ]  [com.xius.TariffBuilder.config.ApiLogger.doFilterInternal] ------------ handleRequest ------------
[2026-06-08T16:15:34.866] [TarrifBuilder] [INFO ]  [com.xius.TariffBuilder.config.ApiLogger.doFilterInternal] GET
[2026-06-08T16:15:34.868] [TarrifBuilder] [INFO ]  [com.xius.TariffBuilder.config.ApiLogger.doFilterInternal] /details
[2026-06-08T16:15:34.868] [TarrifBuilder] [INFO ]  [com.xius.TariffBuilder.config.ApiLogger.doFilterInternal] 0:0:0:0:0:0:0:1
[2026-06-08T16:15:34.870] [TarrifBuilder] [INFO ]  [com.xius.TariffBuilder.UserService.TariffUpdateService.getTariffPackageDetails] GetTariffPackageDetails request received tariffPackageId=1542 networkId=16
[2026-06-08T16:15:34.917] [TarrifBuilder] [INFO ]  [com.xius.TariffBuilder.UserService.TariffUpdateService.getTariffPackageDetails] GetTariffPackageDetails completed tariffPackageId=1542 defaultAtps=1 allowedAtps=0
[2026-06-08T16:15:34.918] [TarrifBuilder] [INFO ]  [com.xius.TariffBuilder.config.ApiLogger.doFilterInternal] 200
[2026-06-08T16:15:34.918] [TarrifBuilder] [INFO ]  [com.xius.TariffBuilder.config.ApiLogger.doFilterInternal] Response Payload {"tpName":"test_87","username":"","networkId":16,"data":{"username":"","isUpdate":true,"submittedOn":"08 Jun 2026","packageType":"PREPAID","tariffPackCategory":"NORMAL","tariffPackageDesc":"test_87","charge":"49.0","endDate":"06/26/2026","publicityId":"p_87","discountOnRentalYn":false,"isCorporateYn":false,"tariffPlanId":2404,"tariffPlanName":"MI MUNDO L SMS_test_87","selectedSvcs_s2":["SMS"],"selectedSvcs_s3":["SMS"],"selectedSvcs_s4":[],"defaultAtps":[{"servicePackageId":2405,"packageName":"MI MUNDO_T5_test_87","chargeId":"test_87_PR1","validity":"O","rentalPeriod":22,"midnightExpiry":"No","activationFee":49.0,"renewal":"Yes","rental":5.0,"maxCount":8,"freeCycles":"8"}],"allowedAtps":[]}}
[2026-06-08T16:15:34.918] [TarrifBuilder] [INFO ]  [com.xius.TariffBuilder.config.ApiLogger.doFilterInternal] Execution time 52 ms
[2026-06-08T16:15:34.919] [TarrifBuilder] [INFO ]  [com.xius.TariffBuilder.config.ApiLogger.doFilterInternal] ------------ handleResponse ------------
[2026-06-08T16:15:34.946] [TarrifBuilder] [INFO ]  [com.xius.TariffBuilder.Controller.BuilderController.step1] Opening step1
[2026-06-08T16:15:35.070] [TarrifBuilder] [ERROR]  [com.xius.TariffBuilder.exception.GlobalExceptionHandler.handleAll] Unexpected exception
org.springframework.web.servlet.resource.NoResourceFoundException: No static resource .well-known/appspecific/com.chrome.devtools.json for request '/.well-known/appspecific/com.chrome.devtools.json'.
	at org.springframework.web.servlet.resource.ResourceHttpRequestHandler.handleRequest(ResourceHttpRequestHandler.java:527)
	at org.springframework.web.servlet.mvc.HttpRequestHandlerAdapter.handle(HttpRequestHandlerAdapter.java:50)
	at org.springframework.web.servlet.DispatcherServlet.doDispatch(DispatcherServlet.java:963)
	at org.springframework.web.servlet.DispatcherServlet.doService(DispatcherServlet.java:866)
	at org.springframework.web.servlet.FrameworkServlet.processRequest(FrameworkServlet.java:1000)
	at org.springframework.web.servlet.FrameworkServlet.doGet(FrameworkServlet.java:892)
	at jakarta.servlet.http.HttpServlet.service(HttpServlet.java:622)
	at org.springframework.web.servlet.FrameworkServlet.service(FrameworkServlet.java:874)
	at jakarta.servlet.http.HttpServlet.service(HttpServlet.java:710)
	at org.apache.catalina.core.ApplicationFilterChain.doFilter(ApplicationFilterChain.java:128)
	at org.apache.tomcat.websocket.server.WsFilter.doFilter(WsFilter.java:53)
	at org.apache.catalina.core.ApplicationFilterChain.doFilter(ApplicationFilterChain.java:107)
	at org.springframework.web.filter.OncePerRequestFilter.doFilter(OncePerRequestFilter.java:101)
	at org.apache.catalina.core.ApplicationFilterChain.doFilter(ApplicationFilterChain.java:107)
	at org.springframework.web.filter.RequestContextFilter.doFilterInternal(RequestContextFilter.java:100)
	at org.springframework.web.filter.OncePerRequestFilter.doFilter(OncePerRequestFilter.java:116)
	at org.apache.catalina.core.ApplicationFilterChain.doFilter(ApplicationFilterChain.java:107)
	at org.springframework.web.filter.FormContentFilter.doFilterInternal(FormContentFilter.java:93)
	at org.springframework.web.filter.OncePerRequestFilter.doFilter(OncePerRequestFilter.java:116)
	at org.apache.catalina.core.ApplicationFilterChain.doFilter(ApplicationFilterChain.java:107)
	at org.springframework.web.filter.CharacterEncodingFilter.doFilterInternal(CharacterEncodingFilter.java:199)
	at org.springframework.web.filter.OncePerRequestFilter.doFilter(OncePerRequestFilter.java:116)
	at org.apache.catalina.core.ApplicationFilterChain.doFilter(ApplicationFilterChain.java:107)
	at org.apache.catalina.core.StandardWrapperValve.invoke(StandardWrapperValve.java:165)
	at org.apache.catalina.core.StandardContextValve.invoke(StandardContextValve.java:77)
	at org.apache.catalina.authenticator.AuthenticatorBase.invoke(AuthenticatorBase.java:492)
	at org.apache.catalina.core.StandardHostValve.invoke(StandardHostValve.java:113)
	at org.apache.catalina.valves.ErrorReportValve.invoke(ErrorReportValve.java:83)
	at org.apache.catalina.core.StandardEngineValve.invoke(StandardEngineValve.java:72)
	at org.apache.catalina.connector.CoyoteAdapter.service(CoyoteAdapter.java:341)
	at org.apache.coyote.http11.Http11Processor.service(Http11Processor.java:397)
	at org.apache.coyote.AbstractProcessorLight.process(AbstractProcessorLight.java:63)
	at org.apache.coyote.AbstractProtocol$ConnectionHandler.process(AbstractProtocol.java:903)
	at org.apache.tomcat.util.net.NioEndpoint$SocketProcessor.doRun(NioEndpoint.java:1779)
	at org.apache.tomcat.util.net.SocketProcessorBase.run(SocketProcessorBase.java:52)
	at org.apache.tomcat.util.threads.ThreadPoolExecutor.runWorker(ThreadPoolExecutor.java:946)
	at org.apache.tomcat.util.threads.ThreadPoolExecutor$Worker.run(ThreadPoolExecutor.java:480)
	at org.apache.tomcat.util.threads.TaskThread$WrappingRunnable.run(TaskThread.java:57)
	at java.base/java.lang.Thread.run(Thread.java:842)
[2026-06-08T16:15:36.418] [TarrifBuilder] [INFO ]  [com.xius.TariffBuilder.Controller.BuilderController.step2] Opening step2
[2026-06-08T16:15:36.481] [TarrifBuilder] [ERROR]  [com.xius.TariffBuilder.exception.GlobalExceptionHandler.handleAll] Unexpected exception
org.springframework.web.servlet.resource.NoResourceFoundException: No static resource .well-known/appspecific/com.chrome.devtools.json for request '/.well-known/appspecific/com.chrome.devtools.json'.
	at org.springframework.web.servlet.resource.ResourceHttpRequestHandler.handleRequest(ResourceHttpRequestHandler.java:527)
	at org.springframework.web.servlet.mvc.HttpRequestHandlerAdapter.handle(HttpRequestHandlerAdapter.java:50)
	at org.springframework.web.servlet.DispatcherServlet.doDispatch(DispatcherServlet.java:963)
	at org.springframework.web.servlet.DispatcherServlet.doService(DispatcherServlet.java:866)
	at org.springframework.web.servlet.FrameworkServlet.processRequest(FrameworkServlet.java:1000)
	at org.springframework.web.servlet.FrameworkServlet.doGet(FrameworkServlet.java:892)
	at jakarta.servlet.http.HttpServlet.service(HttpServlet.java:622)
	at org.springframework.web.servlet.FrameworkServlet.service(FrameworkServlet.java:874)
	at jakarta.servlet.http.HttpServlet.service(HttpServlet.java:710)
	at org.apache.catalina.core.ApplicationFilterChain.doFilter(ApplicationFilterChain.java:128)
	at org.apache.tomcat.websocket.server.WsFilter.doFilter(WsFilter.java:53)
	at org.apache.catalina.core.ApplicationFilterChain.doFilter(ApplicationFilterChain.java:107)
	at org.springframework.web.filter.OncePerRequestFilter.doFilter(OncePerRequestFilter.java:101)
	at org.apache.catalina.core.ApplicationFilterChain.doFilter(ApplicationFilterChain.java:107)
	at org.springframework.web.filter.RequestContextFilter.doFilterInternal(RequestContextFilter.java:100)
	at org.springframework.web.filter.OncePerRequestFilter.doFilter(OncePerRequestFilter.java:116)
	at org.apache.catalina.core.ApplicationFilterChain.doFilter(ApplicationFilterChain.java:107)
	at org.springframework.web.filter.FormContentFilter.doFilterInternal(FormContentFilter.java:93)
	at org.springframework.web.filter.OncePerRequestFilter.doFilter(OncePerRequestFilter.java:116)
	at org.apache.catalina.core.ApplicationFilterChain.doFilter(ApplicationFilterChain.java:107)
	at org.springframework.web.filter.CharacterEncodingFilter.doFilterInternal(CharacterEncodingFilter.java:199)
	at org.springframework.web.filter.OncePerRequestFilter.doFilter(OncePerRequestFilter.java:116)
	at org.apache.catalina.core.ApplicationFilterChain.doFilter(ApplicationFilterChain.java:107)
	at org.apache.catalina.core.StandardWrapperValve.invoke(StandardWrapperValve.java:165)
	at org.apache.catalina.core.StandardContextValve.invoke(StandardContextValve.java:77)
	at org.apache.catalina.authenticator.AuthenticatorBase.invoke(AuthenticatorBase.java:492)
	at org.apache.catalina.core.StandardHostValve.invoke(StandardHostValve.java:113)
	at org.apache.catalina.valves.ErrorReportValve.invoke(ErrorReportValve.java:83)
	at org.apache.catalina.core.StandardEngineValve.invoke(StandardEngineValve.java:72)
	at org.apache.catalina.connector.CoyoteAdapter.service(CoyoteAdapter.java:341)
	at org.apache.coyote.http11.Http11Processor.service(Http11Processor.java:397)
	at org.apache.coyote.AbstractProcessorLight.process(AbstractProcessorLight.java:63)
	at org.apache.coyote.AbstractProtocol$ConnectionHandler.process(AbstractProtocol.java:903)
	at org.apache.tomcat.util.net.NioEndpoint$SocketProcessor.doRun(NioEndpoint.java:1779)
	at org.apache.tomcat.util.net.SocketProcessorBase.run(SocketProcessorBase.java:52)
	at org.apache.tomcat.util.threads.ThreadPoolExecutor.runWorker(ThreadPoolExecutor.java:946)
	at org.apache.tomcat.util.threads.ThreadPoolExecutor$Worker.run(ThreadPoolExecutor.java:480)
	at org.apache.tomcat.util.threads.TaskThread$WrappingRunnable.run(TaskThread.java:57)
	at java.base/java.lang.Thread.run(Thread.java:842)
[2026-06-08T16:15:36.485] [TarrifBuilder] [INFO ]  [com.xius.TariffBuilder.Controller.BuilderController.getTpPlans] Fetching TP plans networkId=16 types=2
[2026-06-08T16:15:36.486] [TarrifBuilder] [INFO ]  [com.xius.TariffBuilder.UserService.ServicePlanService.getPlans] Fetching TP plans networkId=16 types=2
[2026-06-08T16:15:37.997] [TarrifBuilder] [INFO ]  [com.xius.TariffBuilder.Controller.BuilderController.step3] Opening step3
[2026-06-08T16:15:38.047] [TarrifBuilder] [ERROR]  [com.xius.TariffBuilder.exception.GlobalExceptionHandler.handleAll] Unexpected exception
org.springframework.web.servlet.resource.NoResourceFoundException: No static resource .well-known/appspecific/com.chrome.devtools.json for request '/.well-known/appspecific/com.chrome.devtools.json'.
	at org.springframework.web.servlet.resource.ResourceHttpRequestHandler.handleRequest(ResourceHttpRequestHandler.java:527)
	at org.springframework.web.servlet.mvc.HttpRequestHandlerAdapter.handle(HttpRequestHandlerAdapter.java:50)
	at org.springframework.web.servlet.DispatcherServlet.doDispatch(DispatcherServlet.java:963)
	at org.springframework.web.servlet.DispatcherServlet.doService(DispatcherServlet.java:866)
	at org.springframework.web.servlet.FrameworkServlet.processRequest(FrameworkServlet.java:1000)
	at org.springframework.web.servlet.FrameworkServlet.doGet(FrameworkServlet.java:892)
	at jakarta.servlet.http.HttpServlet.service(HttpServlet.java:622)
	at org.springframework.web.servlet.FrameworkServlet.service(FrameworkServlet.java:874)
	at jakarta.servlet.http.HttpServlet.service(HttpServlet.java:710)
	at org.apache.catalina.core.ApplicationFilterChain.doFilter(ApplicationFilterChain.java:128)
	at org.apache.tomcat.websocket.server.WsFilter.doFilter(WsFilter.java:53)
	at org.apache.catalina.core.ApplicationFilterChain.doFilter(ApplicationFilterChain.java:107)
	at org.springframework.web.filter.OncePerRequestFilter.doFilter(OncePerRequestFilter.java:101)
	at org.apache.catalina.core.ApplicationFilterChain.doFilter(ApplicationFilterChain.java:107)
	at org.springframework.web.filter.RequestContextFilter.doFilterInternal(RequestContextFilter.java:100)
	at org.springframework.web.filter.OncePerRequestFilter.doFilter(OncePerRequestFilter.java:116)
	at org.apache.catalina.core.ApplicationFilterChain.doFilter(ApplicationFilterChain.java:107)
	at org.springframework.web.filter.FormContentFilter.doFilterInternal(FormContentFilter.java:93)
	at org.springframework.web.filter.OncePerRequestFilter.doFilter(OncePerRequestFilter.java:116)
	at org.apache.catalina.core.ApplicationFilterChain.doFilter(ApplicationFilterChain.java:107)
	at org.springframework.web.filter.CharacterEncodingFilter.doFilterInternal(CharacterEncodingFilter.java:199)
	at org.springframework.web.filter.OncePerRequestFilter.doFilter(OncePerRequestFilter.java:116)
	at org.apache.catalina.core.ApplicationFilterChain.doFilter(ApplicationFilterChain.java:107)
	at org.apache.catalina.core.StandardWrapperValve.invoke(StandardWrapperValve.java:165)
	at org.apache.catalina.core.StandardContextValve.invoke(StandardContextValve.java:77)
	at org.apache.catalina.authenticator.AuthenticatorBase.invoke(AuthenticatorBase.java:492)
	at org.apache.catalina.core.StandardHostValve.invoke(StandardHostValve.java:113)
	at org.apache.catalina.valves.ErrorReportValve.invoke(ErrorReportValve.java:83)
	at org.apache.catalina.core.StandardEngineValve.invoke(StandardEngineValve.java:72)
	at org.apache.catalina.connector.CoyoteAdapter.service(CoyoteAdapter.java:341)
	at org.apache.coyote.http11.Http11Processor.service(Http11Processor.java:397)
	at org.apache.coyote.AbstractProcessorLight.process(AbstractProcessorLight.java:63)
	at org.apache.coyote.AbstractProtocol$ConnectionHandler.process(AbstractProtocol.java:903)
	at org.apache.tomcat.util.net.NioEndpoint$SocketProcessor.doRun(NioEndpoint.java:1779)
	at org.apache.tomcat.util.net.SocketProcessorBase.run(SocketProcessorBase.java:52)
	at org.apache.tomcat.util.threads.ThreadPoolExecutor.runWorker(ThreadPoolExecutor.java:946)
	at org.apache.tomcat.util.threads.ThreadPoolExecutor$Worker.run(ThreadPoolExecutor.java:480)
	at org.apache.tomcat.util.threads.TaskThread$WrappingRunnable.run(TaskThread.java:57)
	at java.base/java.lang.Thread.run(Thread.java:842)
[2026-06-08T16:15:38.076] [TarrifBuilder] [INFO ]  [com.xius.TariffBuilder.Controller.BuilderController.getDAtpPlans] Fetching DATP plans networkId=16 types=2
[2026-06-08T16:15:38.077] [TarrifBuilder] [INFO ]  [com.xius.TariffBuilder.UserService.ServicePlanService.getDAtpPlans] Fetching DATP plans networkId=16 types=2
[2026-06-08T16:15:46.788] [TarrifBuilder] [INFO ]  [com.xius.TariffBuilder.Controller.BuilderController.step4] Opening step4
[2026-06-08T16:15:46.864] [TarrifBuilder] [ERROR]  [com.xius.TariffBuilder.exception.GlobalExceptionHandler.handleAll] Unexpected exception
org.springframework.web.servlet.resource.NoResourceFoundException: No static resource .well-known/appspecific/com.chrome.devtools.json for request '/.well-known/appspecific/com.chrome.devtools.json'.
	at org.springframework.web.servlet.resource.ResourceHttpRequestHandler.handleRequest(ResourceHttpRequestHandler.java:527)
	at org.springframework.web.servlet.mvc.HttpRequestHandlerAdapter.handle(HttpRequestHandlerAdapter.java:50)
	at org.springframework.web.servlet.DispatcherServlet.doDispatch(DispatcherServlet.java:963)
	at org.springframework.web.servlet.DispatcherServlet.doService(DispatcherServlet.java:866)
	at org.springframework.web.servlet.FrameworkServlet.processRequest(FrameworkServlet.java:1000)
	at org.springframework.web.servlet.FrameworkServlet.doGet(FrameworkServlet.java:892)
	at jakarta.servlet.http.HttpServlet.service(HttpServlet.java:622)
	at org.springframework.web.servlet.FrameworkServlet.service(FrameworkServlet.java:874)
	at jakarta.servlet.http.HttpServlet.service(HttpServlet.java:710)
	at org.apache.catalina.core.ApplicationFilterChain.doFilter(ApplicationFilterChain.java:128)
	at org.apache.tomcat.websocket.server.WsFilter.doFilter(WsFilter.java:53)
	at org.apache.catalina.core.ApplicationFilterChain.doFilter(ApplicationFilterChain.java:107)
	at org.springframework.web.filter.OncePerRequestFilter.doFilter(OncePerRequestFilter.java:101)
	at org.apache.catalina.core.ApplicationFilterChain.doFilter(ApplicationFilterChain.java:107)
	at org.springframework.web.filter.RequestContextFilter.doFilterInternal(RequestContextFilter.java:100)
	at org.springframework.web.filter.OncePerRequestFilter.doFilter(OncePerRequestFilter.java:116)
	at org.apache.catalina.core.ApplicationFilterChain.doFilter(ApplicationFilterChain.java:107)
	at org.springframework.web.filter.FormContentFilter.doFilterInternal(FormContentFilter.java:93)
	at org.springframework.web.filter.OncePerRequestFilter.doFilter(OncePerRequestFilter.java:116)
	at org.apache.catalina.core.ApplicationFilterChain.doFilter(ApplicationFilterChain.java:107)
	at org.springframework.web.filter.CharacterEncodingFilter.doFilterInternal(CharacterEncodingFilter.java:199)
	at org.springframework.web.filter.OncePerRequestFilter.doFilter(OncePerRequestFilter.java:116)
	at org.apache.catalina.core.ApplicationFilterChain.doFilter(ApplicationFilterChain.java:107)
	at org.apache.catalina.core.StandardWrapperValve.invoke(StandardWrapperValve.java:165)
	at org.apache.catalina.core.StandardContextValve.invoke(StandardContextValve.java:77)
	at org.apache.catalina.authenticator.AuthenticatorBase.invoke(AuthenticatorBase.java:492)
	at org.apache.catalina.core.StandardHostValve.invoke(StandardHostValve.java:113)
	at org.apache.catalina.valves.ErrorReportValve.invoke(ErrorReportValve.java:83)
	at org.apache.catalina.core.StandardEngineValve.invoke(StandardEngineValve.java:72)
	at org.apache.catalina.connector.CoyoteAdapter.service(CoyoteAdapter.java:341)
	at org.apache.coyote.http11.Http11Processor.service(Http11Processor.java:397)
	at org.apache.coyote.AbstractProcessorLight.process(AbstractProcessorLight.java:63)
	at org.apache.coyote.AbstractProtocol$ConnectionHandler.process(AbstractProtocol.java:903)
	at org.apache.tomcat.util.net.NioEndpoint$SocketProcessor.doRun(NioEndpoint.java:1779)
	at org.apache.tomcat.util.net.SocketProcessorBase.run(SocketProcessorBase.java:52)
	at org.apache.tomcat.util.threads.ThreadPoolExecutor.runWorker(ThreadPoolExecutor.java:946)
	at org.apache.tomcat.util.threads.ThreadPoolExecutor$Worker.run(ThreadPoolExecutor.java:480)
	at org.apache.tomcat.util.threads.TaskThread$WrappingRunnable.run(TaskThread.java:57)
	at java.base/java.lang.Thread.run(Thread.java:842)
[2026-06-08T16:15:49.076] [TarrifBuilder] [INFO ]  [com.xius.TariffBuilder.Controller.BuilderController.step5] Opening step5
[2026-06-08T16:15:49.133] [TarrifBuilder] [ERROR]  [com.xius.TariffBuilder.exception.GlobalExceptionHandler.handleAll] Unexpected exception
org.springframework.web.servlet.resource.NoResourceFoundException: No static resource .well-known/appspecific/com.chrome.devtools.json for request '/.well-known/appspecific/com.chrome.devtools.json'.
	at org.springframework.web.servlet.resource.ResourceHttpRequestHandler.handleRequest(ResourceHttpRequestHandler.java:527)
	at org.springframework.web.servlet.mvc.HttpRequestHandlerAdapter.handle(HttpRequestHandlerAdapter.java:50)
	at org.springframework.web.servlet.DispatcherServlet.doDispatch(DispatcherServlet.java:963)
	at org.springframework.web.servlet.DispatcherServlet.doService(DispatcherServlet.java:866)
	at org.springframework.web.servlet.FrameworkServlet.processRequest(FrameworkServlet.java:1000)
	at org.springframework.web.servlet.FrameworkServlet.doGet(FrameworkServlet.java:892)
	at jakarta.servlet.http.HttpServlet.service(HttpServlet.java:622)
	at org.springframework.web.servlet.FrameworkServlet.service(FrameworkServlet.java:874)
	at jakarta.servlet.http.HttpServlet.service(HttpServlet.java:710)
	at org.apache.catalina.core.ApplicationFilterChain.doFilter(ApplicationFilterChain.java:128)
	at org.apache.tomcat.websocket.server.WsFilter.doFilter(WsFilter.java:53)
	at org.apache.catalina.core.ApplicationFilterChain.doFilter(ApplicationFilterChain.java:107)
	at org.springframework.web.filter.OncePerRequestFilter.doFilter(OncePerRequestFilter.java:101)
	at org.apache.catalina.core.ApplicationFilterChain.doFilter(ApplicationFilterChain.java:107)
	at org.springframework.web.filter.RequestContextFilter.doFilterInternal(RequestContextFilter.java:100)
	at org.springframework.web.filter.OncePerRequestFilter.doFilter(OncePerRequestFilter.java:116)
	at org.apache.catalina.core.ApplicationFilterChain.doFilter(ApplicationFilterChain.java:107)
	at org.springframework.web.filter.FormContentFilter.doFilterInternal(FormContentFilter.java:93)
	at org.springframework.web.filter.OncePerRequestFilter.doFilter(OncePerRequestFilter.java:116)
	at org.apache.catalina.core.ApplicationFilterChain.doFilter(ApplicationFilterChain.java:107)
	at org.springframework.web.filter.CharacterEncodingFilter.doFilterInternal(CharacterEncodingFilter.java:199)
	at org.springframework.web.filter.OncePerRequestFilter.doFilter(OncePerRequestFilter.java:116)
	at org.apache.catalina.core.ApplicationFilterChain.doFilter(ApplicationFilterChain.java:107)
	at org.apache.catalina.core.StandardWrapperValve.invoke(StandardWrapperValve.java:165)
	at org.apache.catalina.core.StandardContextValve.invoke(StandardContextValve.java:77)
	at org.apache.catalina.authenticator.AuthenticatorBase.invoke(AuthenticatorBase.java:492)
	at org.apache.catalina.core.StandardHostValve.invoke(StandardHostValve.java:113)
	at org.apache.catalina.valves.ErrorReportValve.invoke(ErrorReportValve.java:83)
	at org.apache.catalina.core.StandardEngineValve.invoke(StandardEngineValve.java:72)
	at org.apache.catalina.connector.CoyoteAdapter.service(CoyoteAdapter.java:341)
	at org.apache.coyote.http11.Http11Processor.service(Http11Processor.java:397)
	at org.apache.coyote.AbstractProcessorLight.process(AbstractProcessorLight.java:63)
	at org.apache.coyote.AbstractProtocol$ConnectionHandler.process(AbstractProtocol.java:903)
	at org.apache.tomcat.util.net.NioEndpoint$SocketProcessor.doRun(NioEndpoint.java:1779)
	at org.apache.tomcat.util.net.SocketProcessorBase.run(SocketProcessorBase.java:52)
	at org.apache.tomcat.util.threads.ThreadPoolExecutor.runWorker(ThreadPoolExecutor.java:946)
	at org.apache.tomcat.util.threads.ThreadPoolExecutor$Worker.run(ThreadPoolExecutor.java:480)
	at org.apache.tomcat.util.threads.TaskThread$WrappingRunnable.run(TaskThread.java:57)
	at java.base/java.lang.Thread.run(Thread.java:842)
[2026-06-08T16:16:09.266] [TarrifBuilder] [INFO ]  [com.xius.TariffBuilder.config.ApiLogger.doFilterInternal] ------------ handleRequest ------------
[2026-06-08T16:16:09.269] [TarrifBuilder] [INFO ]  [com.xius.TariffBuilder.config.ApiLogger.doFilterInternal] PUT
[2026-06-08T16:16:09.271] [TarrifBuilder] [INFO ]  [com.xius.TariffBuilder.config.ApiLogger.doFilterInternal] /update/1542
[2026-06-08T16:16:09.272] [TarrifBuilder] [INFO ]  [com.xius.TariffBuilder.config.ApiLogger.doFilterInternal] 0:0:0:0:0:0:0:1
[2026-06-08T16:16:09.275] [TarrifBuilder] [INFO ]  [com.xius.TariffBuilder.UserService.TariffUpdateService.updateTariffPackage] Update request received tariffPackageId=1542 networkId=16
[2026-06-08T16:16:09.539] [TarrifBuilder] [INFO ]  [com.xius.TariffBuilder.UserService.TariffUpdateService.updateTariffPackage] CS_RAT_TARIFF_PACKAGE updated rowsAffected=1 tariffPackageId=1542
[2026-06-08T16:16:09.555] [TarrifBuilder] [INFO ]  [com.xius.TariffBuilder.UserService.TariffUpdateService.updateTariffPackage] CS_RAT_TPID_VS_PUBLICITYID updated rowsAffected=1 tariffPackageId=1542
[2026-06-08T16:16:09.566] [TarrifBuilder] [INFO ]  [com.xius.TariffBuilder.UserService.TariffUpdateService.updateTariffPackage] CS_RAT_PERIODIC_CHARGE_INFO updated chargeId=test_87_PR1 rowsAffected=1
[2026-06-08T16:16:09.574] [TarrifBuilder] [INFO ]  [com.xius.TariffBuilder.UserService.TariffUpdateService.updateTariffPackage] Tariff package update committed tariffPackageId=1542
[2026-06-08T16:16:09.574] [TarrifBuilder] [INFO ]  [com.xius.TariffBuilder.config.ApiLogger.doFilterInternal] Request Payload {"tpName":"test_87","username":"USER1","networkId":16,"data":{"username":"USER1","isUpdate":true,"submittedOn":"08 Jun 2026","packageType":"PREPAID","tariffPackCategory":"NORMAL","tariffPackageDesc":"test_87","charge":"278","endDate":"06/26/2026","publicityId":"p_87","isCorporateYn":false,"tariffPlanId":2404,"tariffPlanName":"MI MUNDO L SMS_test_87","selectedSvcs_s2":"[\"SMS\"]","selectedSvcs_s3":"[\"SMS\"]","selectedSvcs_s4":"[]","defaultAtps":[{"servicePackageId":2405,"packageName":"MI MUNDO_T5_test_87","chargeId":"test_87_PR1","validity":"O","rentalPeriod":"49","midnightExpiry":"No","renewal":"Yes","rental":5,"maxCount":8,"freeCycles":"8"}],"allowedAtps":[]}}
[2026-06-08T16:16:09.584] [TarrifBuilder] [INFO ]  [com.xius.TariffBuilder.config.ApiLogger.doFilterInternal] 200
[2026-06-08T16:16:09.584] [TarrifBuilder] [INFO ]  [com.xius.TariffBuilder.config.ApiLogger.doFilterInternal] Response Payload {"status":"success","message":"Tariff package updated successfully","tariffPackageId":1542}
[2026-06-08T16:16:09.584] [TarrifBuilder] [INFO ]  [com.xius.TariffBuilder.config.ApiLogger.doFilterInternal] Execution time 308 ms
[2026-06-08T16:16:09.586] [TarrifBuilder] [INFO ]  [com.xius.TariffBuilder.config.ApiLogger.doFilterInternal] ------------ handleResponse ------------
[2026-06-08T16:16:11.758] [TarrifBuilder] [INFO ]  [com.xius.TariffBuilder.Controller.BuilderController.step1] Opening step1
[2026-06-08T16:16:11.829] [TarrifBuilder] [ERROR]  [com.xius.TariffBuilder.exception.GlobalExceptionHandler.handleAll] Unexpected exception
org.springframework.web.servlet.resource.NoResourceFoundException: No static resource .well-known/appspecific/com.chrome.devtools.json for request '/.well-known/appspecific/com.chrome.devtools.json'.
	at org.springframework.web.servlet.resource.ResourceHttpRequestHandler.handleRequest(ResourceHttpRequestHandler.java:527)
	at org.springframework.web.servlet.mvc.HttpRequestHandlerAdapter.handle(HttpRequestHandlerAdapter.java:50)
	at org.springframework.web.servlet.DispatcherServlet.doDispatch(DispatcherServlet.java:963)
	at org.springframework.web.servlet.DispatcherServlet.doService(DispatcherServlet.java:866)
	at org.springframework.web.servlet.FrameworkServlet.processRequest(FrameworkServlet.java:1000)
	at org.springframework.web.servlet.FrameworkServlet.doGet(FrameworkServlet.java:892)
	at jakarta.servlet.http.HttpServlet.service(HttpServlet.java:622)
	at org.springframework.web.servlet.FrameworkServlet.service(FrameworkServlet.java:874)
	at jakarta.servlet.http.HttpServlet.service(HttpServlet.java:710)
	at org.apache.catalina.core.ApplicationFilterChain.doFilter(ApplicationFilterChain.java:128)
	at org.apache.tomcat.websocket.server.WsFilter.doFilter(WsFilter.java:53)
	at org.apache.catalina.core.ApplicationFilterChain.doFilter(ApplicationFilterChain.java:107)
	at org.springframework.web.filter.OncePerRequestFilter.doFilter(OncePerRequestFilter.java:101)
	at org.apache.catalina.core.ApplicationFilterChain.doFilter(ApplicationFilterChain.java:107)
	at org.springframework.web.filter.RequestContextFilter.doFilterInternal(RequestContextFilter.java:100)
	at org.springframework.web.filter.OncePerRequestFilter.doFilter(OncePerRequestFilter.java:116)
	at org.apache.catalina.core.ApplicationFilterChain.doFilter(ApplicationFilterChain.java:107)
	at org.springframework.web.filter.FormContentFilter.doFilterInternal(FormContentFilter.java:93)
	at org.springframework.web.filter.OncePerRequestFilter.doFilter(OncePerRequestFilter.java:116)
	at org.apache.catalina.core.ApplicationFilterChain.doFilter(ApplicationFilterChain.java:107)
	at org.springframework.web.filter.CharacterEncodingFilter.doFilterInternal(CharacterEncodingFilter.java:199)
	at org.springframework.web.filter.OncePerRequestFilter.doFilter(OncePerRequestFilter.java:116)
	at org.apache.catalina.core.ApplicationFilterChain.doFilter(ApplicationFilterChain.java:107)
	at org.apache.catalina.core.StandardWrapperValve.invoke(StandardWrapperValve.java:165)
	at org.apache.catalina.core.StandardContextValve.invoke(StandardContextValve.java:77)
	at org.apache.catalina.authenticator.AuthenticatorBase.invoke(AuthenticatorBase.java:492)
	at org.apache.catalina.core.StandardHostValve.invoke(StandardHostValve.java:113)
	at org.apache.catalina.valves.ErrorReportValve.invoke(ErrorReportValve.java:83)
	at org.apache.catalina.core.StandardEngineValve.invoke(StandardEngineValve.java:72)
	at org.apache.catalina.connector.CoyoteAdapter.service(CoyoteAdapter.java:341)
	at org.apache.coyote.http11.Http11Processor.service(Http11Processor.java:397)
	at org.apache.coyote.AbstractProcessorLight.process(AbstractProcessorLight.java:63)
	at org.apache.coyote.AbstractProtocol$ConnectionHandler.process(AbstractProtocol.java:903)
	at org.apache.tomcat.util.net.NioEndpoint$SocketProcessor.doRun(NioEndpoint.java:1779)
	at org.apache.tomcat.util.net.SocketProcessorBase.run(SocketProcessorBase.java:52)
	at org.apache.tomcat.util.threads.ThreadPoolExecutor.runWorker(ThreadPoolExecutor.java:946)
	at org.apache.tomcat.util.threads.ThreadPoolExecutor$Worker.run(ThreadPoolExecutor.java:480)
	at org.apache.tomcat.util.threads.TaskThread$WrappingRunnable.run(TaskThread.java:57)
	at java.base/java.lang.Thread.run(Thread.java:842)
[2026-06-08T16:19:11.316] [TarrifBuilder] [INFO ]  [com.xius.TariffBuilder.TariffBuilderApplication.main] Starting TariffBuilderApplication...
[2026-06-08T16:19:11.759] [TarrifBuilder] [INFO ]  [com.xius.TariffBuilder.TariffBuilderApplication.logStarting] Starting TariffBuilderApplication using Java 17.0.12 with PID 21696 (C:\Users\muralikrishna.jami\Downloads\TariffBuilder 13\TariffBuilder\target\classes started by muralikrishna.jami in C:\Users\muralikrishna.jami\Downloads\TariffBuilder 13\TariffBuilder)
[2026-06-08T16:19:11.773] [TarrifBuilder] [INFO ]  [com.xius.TariffBuilder.TariffBuilderApplication.logStartupProfileInfo] No active profile set, falling back to 1 default profile: "default"
[2026-06-08T16:19:12.040] [TarrifBuilder] [INFO ]  [org.hibernate.validator.internal.util.Version.<clinit>] HV000001: Hibernate Validator 9.0.1.Final
[2026-06-08T16:19:12.634] [TarrifBuilder] [INFO ]  [org.springframework.data.repository.config.RepositoryConfigurationDelegate.registerRepositoriesIn] Bootstrapping Spring Data JPA repositories in DEFAULT mode.
[2026-06-08T16:19:12.667] [TarrifBuilder] [INFO ]  [org.springframework.data.repository.config.RepositoryConfigurationDelegate.registerRepositoriesIn] Finished Spring Data repository scanning in 16 ms. Found 0 JPA repository interfaces.
[2026-06-08T16:19:13.412] [TarrifBuilder] [INFO ]  [org.springframework.boot.tomcat.TomcatWebServer.initialize] Tomcat initialized with port 8000 (http)
[2026-06-08T16:19:13.435] [TarrifBuilder] [INFO ]  [org.apache.coyote.http11.Http11NioProtocol.log] Initializing ProtocolHandler ["http-nio-10.10.21.49-8000"]
[2026-06-08T16:19:13.438] [TarrifBuilder] [INFO ]  [org.apache.catalina.core.StandardService.log] Starting service [Tomcat]
[2026-06-08T16:19:13.439] [TarrifBuilder] [INFO ]  [org.apache.catalina.core.StandardEngine.log] Starting Servlet engine: [Apache Tomcat/11.0.20]
[2026-06-08T16:19:13.500] [TarrifBuilder] [INFO ]  [org.springframework.boot.web.context.servlet.WebApplicationContextInitializer.prepareWebApplicationContext] Root WebApplicationContext: initialization completed in 1675 ms
[2026-06-08T16:19:13.780] [TarrifBuilder] [INFO ]  [com.zaxxer.hikari.HikariDataSource.getConnection] HikariPool-1 - Starting...
[2026-06-08T16:19:14.149] [TarrifBuilder] [INFO ]  [com.zaxxer.hikari.pool.HikariPool.checkFailFast] HikariPool-1 - Added connection oracle.jdbc.driver.T4CConnection@578c3fd9
[2026-06-08T16:19:14.152] [TarrifBuilder] [INFO ]  [com.zaxxer.hikari.HikariDataSource.getConnection] HikariPool-1 - Start completed.
[2026-06-08T16:19:14.185] [TarrifBuilder] [INFO ]  [org.hibernate.orm.jpa.logPersistenceUnitInformation] HHH008540: Processing PersistenceUnitInfo [name: default]
[2026-06-08T16:19:14.246] [TarrifBuilder] [INFO ]  [org.hibernate.orm.core.logVersion] HHH000001: Hibernate ORM core version 7.2.7.Final
[2026-06-08T16:19:14.711] [TarrifBuilder] [INFO ]  [org.springframework.orm.jpa.persistenceunit.SpringPersistenceUnitInfo.addTransformer] No LoadTimeWeaver setup: ignoring JPA class transformer
[2026-06-08T16:19:15.121] [TarrifBuilder] [WARN ]  [org.hibernate.orm.jdbc.logJdbcFetchSize] HHH100123: Low default JDBC fetch size: 10 (consider setting 'hibernate.jdbc.fetch_size')
[2026-06-08T16:19:15.123] [TarrifBuilder] [INFO ]  [org.hibernate.orm.connections.pooling.logConnectionInfo] HHH10001005: Database info:
	Database JDBC URL [jdbc:oracle:thin:@192.168.149.121:1521/ATTTEST]
	Database driver: Oracle JDBC driver
	Database dialect: OracleDialect
	Database version: 19.27
	Default catalog/schema: undefined/IZZI_BSSSDP_QC
	Autocommit mode: undefined/unknown
	Isolation level: READ_COMMITTED [default READ_COMMITTED]
	JDBC fetch size: 10
	Pool: DataSourceConnectionProvider
	Minimum pool size: undefined/unknown
	Maximum pool size: undefined/unknown
[2026-06-08T16:19:15.849] [TarrifBuilder] [INFO ]  [org.hibernate.orm.core.initiateService] HHH000489: No JTA platform available (set 'hibernate.transaction.jta.platform' to enable JTA platform integration)
[2026-06-08T16:19:15.854] [TarrifBuilder] [INFO ]  [org.springframework.orm.jpa.LocalContainerEntityManagerFactoryBean.buildNativeEntityManagerFactory] Initialized JPA EntityManagerFactory for persistence unit 'default'
[2026-06-08T16:19:16.008] [TarrifBuilder] [WARN ]  [org.springframework.boot.jpa.autoconfigure.JpaBaseConfiguration$JpaWebConfiguration.openEntityManagerInViewInterceptor] spring.jpa.open-in-view is enabled by default. Therefore, database queries may be performed during view rendering. Explicitly configure spring.jpa.open-in-view to disable this warning
[2026-06-08T16:19:16.438] [TarrifBuilder] [INFO ]  [org.apache.coyote.http11.Http11NioProtocol.log] Starting ProtocolHandler ["http-nio-10.10.21.49-8000"]
[2026-06-08T16:19:16.480] [TarrifBuilder] [INFO ]  [org.springframework.boot.tomcat.TomcatWebServer.start] Tomcat started on port 8000 (http) with context path '/'
[2026-06-08T16:19:16.487] [TarrifBuilder] [INFO ]  [com.xius.TariffBuilder.TariffBuilderApplication.logStarted] Started TariffBuilderApplication in 5.096 seconds (process running for 5.806)
[2026-06-08T16:19:16.491] [TarrifBuilder] [INFO ]  [com.xius.TariffBuilder.TariffBuilderApplication.main] TariffBuilderApplication started successfully
[2026-06-08T16:19:35.208] [TarrifBuilder] [INFO ]  [org.apache.catalina.core.ContainerBase.[Tomcat].[localhost].[/].log] Initializing Spring DispatcherServlet 'dispatcherServlet'
[2026-06-08T16:19:35.208] [TarrifBuilder] [INFO ]  [org.springframework.web.servlet.DispatcherServlet.initServletBean] Initializing Servlet 'dispatcherServlet'
[2026-06-08T16:19:35.208] [TarrifBuilder] [INFO ]  [org.springframework.web.servlet.DispatcherServlet.initServletBean] Completed initialization in 0 ms
[2026-06-08T16:19:35.329] [TarrifBuilder] [INFO ]  [com.xius.TariffBuilder.Controller.BuilderController.step1] Opening step1
[2026-06-08T16:19:35.329] [TarrifBuilder] [WARN ]  [com.xius.TariffBuilder.Controller.BuilderController.step1] Unauthorized step1 access
[2026-06-08T16:37:01.621] [TarrifBuilder] [INFO ]  [com.xius.TariffBuilder.config.ApiLogger.doFilterInternal] ------------ handleRequest ------------
[2026-06-08T16:37:01.650] [TarrifBuilder] [INFO ]  [com.xius.TariffBuilder.config.ApiLogger.doFilterInternal] POST
[2026-06-08T16:37:01.651] [TarrifBuilder] [INFO ]  [com.xius.TariffBuilder.config.ApiLogger.doFilterInternal] /login
[2026-06-08T16:37:01.651] [TarrifBuilder] [INFO ]  [com.xius.TariffBuilder.config.ApiLogger.doFilterInternal] 10.10.21.49
[2026-06-08T16:37:01.774] [TarrifBuilder] [INFO ]  [com.xius.TariffBuilder.Controller.BuilderController.login] Login request received for user=USER1
[2026-06-08T16:37:01.780] [TarrifBuilder] [INFO ]  [com.xius.TariffBuilder.UserService.UserLoginService.authenticate] Authentication started for loginId=USER1 networkName=MUNDO
[2026-06-08T16:37:01.796] [TarrifBuilder] [INFO ]  [com.xius.TariffBuilder.UserService.UserAuthRepository.getUserPrivileges] Fetching user privileges for loginId=USER1 networkName=MUNDO
[2026-06-08T16:37:01.822] [TarrifBuilder] [INFO ]  [com.zaxxer.hikari.HikariDataSource.getConnection] HikariPool-2 - Starting...
[2026-06-08T16:37:02.135] [TarrifBuilder] [INFO ]  [com.zaxxer.hikari.pool.HikariPool.checkFailFast] HikariPool-2 - Added connection org.postgresql.jdbc.PgConnection@7855b37
[2026-06-08T16:37:02.136] [TarrifBuilder] [INFO ]  [com.zaxxer.hikari.HikariDataSource.getConnection] HikariPool-2 - Start completed.
[2026-06-08T16:37:02.175] [TarrifBuilder] [INFO ]  [com.xius.TariffBuilder.UserService.UserAuthRepository.getNetworkId] Fetching networkId for networkName=MUNDO
[2026-06-08T16:37:02.188] [TarrifBuilder] [INFO ]  [com.xius.TariffBuilder.UserService.UserLoginService.authenticate] Authentication successful loginId=USER1 networkId=16
[2026-06-08T16:37:02.191] [TarrifBuilder] [INFO ]  [com.xius.TariffBuilder.Controller.BuilderController.login] Login successful user=USER1 networkId=16 privilegesCount=8
[2026-06-08T16:37:02.207] [TarrifBuilder] [INFO ]  [com.xius.TariffBuilder.config.ApiLogger.doFilterInternal] Request Payload networkLoginName=MUNDO&loginId=USER1&password=12345678
[2026-06-08T16:37:02.207] [TarrifBuilder] [INFO ]  [com.xius.TariffBuilder.config.ApiLogger.doFilterInternal] 302
[2026-06-08T16:37:02.207] [TarrifBuilder] [INFO ]  [com.xius.TariffBuilder.config.ApiLogger.doFilterInternal] Execution time 702 ms
[2026-06-08T16:37:02.207] [TarrifBuilder] [INFO ]  [com.xius.TariffBuilder.config.ApiLogger.doFilterInternal] ------------ handleResponse ------------
[2026-06-08T16:37:02.223] [TarrifBuilder] [INFO ]  [com.xius.TariffBuilder.Controller.BuilderController.builderHome] Opening builder home
[2026-06-08T16:37:02.766] [TarrifBuilder] [INFO ]  [com.xius.TariffBuilder.Controller.BuilderController.step1] Opening step1
[2026-06-08T16:37:07.992] [TarrifBuilder] [INFO ]  [com.xius.TariffBuilder.config.ApiLogger.doFilterInternal] ------------ handleRequest ------------
[2026-06-08T16:37:07.993] [TarrifBuilder] [INFO ]  [com.xius.TariffBuilder.config.ApiLogger.doFilterInternal] GET
[2026-06-08T16:37:07.993] [TarrifBuilder] [INFO ]  [com.xius.TariffBuilder.config.ApiLogger.doFilterInternal] /tariff-package-details
[2026-06-08T16:37:07.993] [TarrifBuilder] [INFO ]  [com.xius.TariffBuilder.config.ApiLogger.doFilterInternal] 10.10.21.49
[2026-06-08T16:37:08.561] [TarrifBuilder] [INFO ]  [com.xius.TariffBuilder.config.ApiLogger.doFilterInternal] 200
[2026-06-08T16:37:08.562] [TarrifBuilder] [INFO ]  [com.xius.TariffBuilder.config.ApiLogger.doFilterInternal] Response Payload [{"activationFee":0.0,"dataBenefit":"UNLIMITED","rateGroupNames":["izzi_load9","MUNDO","ALL","youtube","phonepe","Freecharge","load_izzi2","FB","load_izzi6","izzi_load10","izzi_load11","load_izzi5","insta","Gpay","Mipay","load_izzi4","pintrest","load_izzi3","izzi_load7","izzi_load12","izzi_load13","paytm"],"rentalPeriod":30,"rentalType":"Others","smsBenefit":"UNLIMITED","tariffPackageDesc":"IZZI_PACKAGE","tariff_package_id":602,"voiceBenefit":"UNLIMITED"},{"activationFee":0.0,"dataBenefit":"UNLIMITED","rateGroupNames":["izzi_load9","paytm","izzi_load10","Freecharge","load_izzi5","izzi_load7","load_izzi4","Mipay","load_izzi3","load_izzi6","phonepe","Gpay"],"rentalPeriod":30,"rentalType":"Monthly","smsBenefit":"UNLIMITED","tariffPackageDesc":"MI MUNDO S","tariff_package_id":1121,"voiceBenefit":"UNLIMITED"},{"activationFee":0.0,"dataBenefit":"10 MB","rateGroupNames":["MUNDO","webtoon"],"rentalPeriod":0,"rentalType":"Monthly","smsBenefit":"50 SMS","tariffPackageDesc":"MI MUNDO M","tariff_package_id":1122,"voiceBenefit":"24000 Sec"},{"activationFee":0.0,"dataBenefit":"30 MB","rateGroupNames":["load_izzi2","MUNDO","phonepe","webtoon"],"rentalPeriod":0,"rentalType":"Monthly","smsBenefit":"50 SMS","tariffPackageDesc":"MI MUNDO L","tariff_package_id":1123,"voiceBenefit":"30000 Sec"},{"activationFee":2.0,"dataBenefit":"10 KB","rateGroupNames":["MUNDO"],"rentalPeriod":0,"rentalType":"Monthly","smsBenefit":null,"tariffPackageDesc":"POSTPAID","tariff_package_id":1124,"voiceBenefit":"30000 Sec"},{"activationFee":5.0,"dataBenefit":"30 MB","rateGroupNames":["load_izzi2","MUNDO","webtoon","phonepe"],"rentalPeriod":0,"rentalType":"Monthly","smsBenefit":"50 SMS","tariffPackageDesc":"RENEWALS TP","tariff_package_id":1141,"voiceBenefit":"30000 Sec"},{"activationFee":2.0,"dataBenefit":"30 MB","rateGroupNames":["webtoon","load_izzi2","MUNDO","phonepe"],"rentalPeriod":0,"rentalType":"Monthly","smsBenefit":"50 SMS","tariffPackageDesc":"TEST_XIUS","tariff_package_id":1161,"voiceBenefit":null},{"activationFee":0.0,"dataBenefit":"20 MB","rateGroupNames":["webtoon","phonepe","load_izzi2","MUNDO"],"rentalPeriod":30,"rentalType":null,"smsBenefit":"50 SMS","tariffPackageDesc":"TEST_PLAN_2","tariff_package_id":1188,"voiceBenefit":"30000 Sec"},{"activationFee":0.0,"dataBenefit":"20 MB","rateGroupNames":["load_izzi2","MUNDO","phonepe","webtoon"],"rentalPeriod":30,"rentalType":null,"smsBenefit":"50 SMS","tariffPackageDesc":"TEST_PLAN_3","tariff_package_id":1189,"voiceBenefit":"30000 Sec"},{"activationFee":0.0,"dataBenefit":null,"rateGroupNames":["webtoon","MUNDO"],"rentalPeriod":30,"rentalType":null,"smsBenefit":null,"tariffPackageDesc":"TEST_PLAN_4","tariff_package_id":1201,"voiceBenefit":"24000 Sec"},{"activationFee":0.0,"dataBenefit":null,"rateGroupNames":["webtoon","MUNDO"],"rentalPeriod":30,"rentalType":null,"smsBenefit":null,"tariffPackageDesc":"TEST_PLAN_5","tariff_package_id":1203,"voiceBenefit":"24000 Sec"},{"activationFee":0.0,"dataBenefit":null,"rateGroupNames":[],"rentalPeriod":30,"rentalType":null,"smsBenefit":null,"tariffPackageDesc":"TEST1","tariff_package_id":1204,"voiceBenefit":"24000 Sec"},{"activationFee":0.0,"dataBenefit":null,"rateGroupNames":[],"rentalPeriod":30,"rentalType":null,"smsBenefit":null,"tariffPackageDesc":"TEST2","tariff_package_id":1206,"voiceBenefit":"24000 Sec"},{"activationFee":199.0,"dataBenefit":null,"rateGroupNames":[],"rentalPeriod":19,"rentalType":"Others","smsBenefit":null,"tariffPackageDesc":"TEST5","tariff_package_id":1207,"voiceBenefit":"24000 Sec"},{"activationFee":199.0,"dataBenefit":null,"rateGroupNames":[],"rentalPeriod":19,"rentalType":"Others","smsBenefit":null,"tariffPackageDesc":"TARF","tariff_package_id":1208,"voiceBenefit":"24000 Sec"},{"activationFee":0.0,"dataBenefit":"10 MB","rateGroupNames":["MUNDO","webtoon"],"rentalPeriod":30,"rentalType":null,"smsBenefit":"50 SMS","tariffPackageDesc":"TEST","tariff_package_id":1221,"voiceBenefit":"18000 Sec"},{"activationFee":199.0,"dataBenefit":null,"rateGroupNames":[],"rentalPeriod":19,"rentalType":"Others","smsBenefit":null,"tariffPackageDesc":"TP1","tariff_package_id":1222,"voiceBenefit":"24000 Sec"},{"activationFee":199.0,"dataBenefit":null,"rateGroupNames":[],"rentalPeriod":19,"rentalType":"Others","smsBenefit":null,"tariffPackageDesc":"TESTK","tariff_package_id":1224,"voiceBenefit":"24000 Sec"},{"activationFee":199.0,"dataBenefit":null,"rateGroupNames":[],"rentalPeriod":19,"rentalType":"Others","smsBenefit":null,"tariffPackageDesc":"TEST_TP1","tariff_package_id":1225,"voiceBenefit":"24000 Sec"},{"activationFee":199.0,"dataBenefit":null,"rateGroupNames":[],"rentalPeriod":19,"rentalType":"Others","smsBenefit":null,"tariffPackageDesc":"TEST_TP2","tariff_package_id":1226,"voiceBenefit":"24000 Sec"},{"activationFee":199.0,"dataBenefit":null,"rateGroupNames":[],"rentalPeriod":19,"rentalType":"Others","smsBenefit":null,"tariffPackageDesc":"TEST_TP3","tariff_package_id":1227,"voiceBenefit":"24000 Sec"},{"activationFee":199.0,"dataBenefit":null,"rateGroupNames":[],"rentalPeriod":19,"rentalType":"Others","smsBenefit":null,"tariffPackageDesc":"TEST_TP4","tariff_package_id":1228,"voiceBenefit":"24000 Sec"},{"activationFee":199.0,"dataBenefit":null,"rateGroupNames":[],"rentalPeriod":19,"rentalType":"Others","smsBenefit":null,"tariffPackageDesc":"TP_001","tariff_package_id":1229,"voiceBenefit":"24000 Sec"},{"activationFee":0.0,"dataBenefit":null,"rateGroupNames":[],"rentalPeriod":30,"rentalType":null,"smsBenefit":"50 SMS","tariffPackageDesc":"TP_11","tariff_package_id":1241,"voiceBenefit":"24000 Sec"},{"activationFee":199.0,"dataBenefit":null,"rateGroupNames":[],"rentalPeriod":19,"rentalType":"Others","smsBenefit":null,"tariffPackageDesc":"TP_002","tariff_package_id":1242,"voiceBenefit":"24000 Sec"},{"activationFee":199.0,"dataBenefit":null,"rateGroupNames":[],"rentalPeriod":19,"rentalType":"Others","smsBenefit":null,"tariffPackageDesc":"TP_003","tariff_package_id":1243,"voiceBenefit":"24000 Sec"},{"activationFee":0.0,"dataBenefit":null,"rateGroupNames":[],"rentalPeriod":30,"rentalType":null,"smsBenefit":null,"tariffPackageDesc":"TP_008","tariff_package_id":1244,"voiceBenefit":"24000 Sec"},{"activationFee":0.0,"dataBenefit":"10 MB","rateGroupNames":["phonepe","MUNDO","load_izzi2"],"rentalPeriod":30,"rentalType":null,"smsBenefit":null,"tariffPackageDesc":"TP_1","tariff_package_id":1247,"voiceBenefit":null},{"activationFee":0.0,"dataBenefit":"10 MB","rateGroupNames":["load_izzi2","phonepe","MUNDO"],"rentalPeriod":1,"rentalType":null,"smsBenefit":null,"tariffPackageDesc":"TP001","tariff_package_id":1248,"voiceBenefit":null},{"activationFee":0.0,"dataBenefit":"10 MB","rateGroupNames":[],"rentalPeriod":1,"rentalType":null,"smsBenefit":null,"tariffPackageDesc":"TP_99","tariff_package_id":1265,"voiceBenefit":"24000 Sec"},{"activationFee":0.0,"dataBenefit":"10 MB","rateGroupNames":[],"rentalPeriod":1,"rentalType":null,"smsBenefit":null,"tariffPackageDesc":"TP_909","tariff_package_id":1266,"voiceBenefit":"24000 Sec"},{"activationFee":0.0,"dataBenefit":"10 MB","rateGroupNames":[],"rentalPeriod":1,"rentalType":null,"smsBenefit":null,"tariffPackageDesc":"TP_919","tariff_package_id":1267,"voiceBenefit":"24000 Sec"},{"activationFee":0.0,"dataBenefit":"10 MB","rateGroupNames":[],"rentalPeriod":1,"rentalType":null,"smsBenefit":null,"tariffPackageDesc":"TP_929","tariff_package_id":1268,"voiceBenefit":"24000 Sec"},{"activationFee":0.0,"dataBenefit":"20 MB","rateGroupNames":["phonepe","MUNDO","webtoon","load_izzi2"],"rentalPeriod":1,"rentalType":null,"smsBenefit":null,"tariffPackageDesc":"TP_939","tariff_package_id":1269,"voiceBenefit":"24000 Sec"},{"activationFee":0.0,"dataBenefit":"10 MB","rateGroupNames":[],"rentalPeriod":1,"rentalType":null,"smsBenefit":null,"tariffPackageDesc":"TP_959","tariff_package_id":1270,"voiceBenefit":"24000 Sec"},{"activationFee":0.0,"dataBenefit":"10 MB","rateGroupNames":[],"rentalPeriod":1,"rentalType":null,"smsBenefit":"50 SMS","tariffPackageDesc":"TP_969","tariff_package_id":1271,"voiceBenefit":null},{"activationFee":0.0,"dataBenefit":"10 MB","rateGroupNames":[],"rentalPeriod":1,"rentalType":null,"smsBenefit":null,"tariffPackageDesc":"TP_979","tariff_package_id":1272,"voiceBenefit":"24000 Sec"},{"activationFee":0.0,"dataBenefit":"10 MB","rateGroupNames":[],"rentalPeriod":1,"rentalType":null,"smsBenefit":null,"tariffPackageDesc":"TP100","tariff_package_id":1273,"voiceBenefit":"24000 Sec"},{"activationFee":0.0,"dataBenefit":"10 MB","rateGroupNames":[],"rentalPeriod":1,"rentalType":null,"smsBenefit":"50 SMS","tariffPackageDesc":"test_xi","tariff_package_id":1281,"voiceBenefit":"24000 Sec"},{"activationFee":0.0,"dataBenefit":"10 MB","rateGroupNames":[],"rentalPeriod":1,"rentalType":null,"smsBenefit":"50 SMS","tariffPackageDesc":"test_xiu","tariff_package_id":1282,"voiceBenefit":"24000 Sec"},{"activationFee":0.0,"dataBenefit":"10 MB","rateGroupNames":[],"rentalPeriod":1,"rentalType":null,"smsBenefit":"50 SMS","tariffPackageDesc":"test_s","tariff_package_id":1283,"voiceBenefit":"24000 Sec"},{"activationFee":0.0,"dataBenefit":null,"rateGroupNames":[],"rentalPeriod":1,"rentalType":null,"smsBenefit":"50 SMS","tariffPackageDesc":"XIUS","tariff_package_id":1284,"voiceBenefit":null},{"activationFee":0.0,"dataBenefit":null,"rateGroupNames":[],"rentalPeriod":1,"rentalType":null,"smsBenefit":"50 SMS","tariffPackageDesc":"Test_s1","tariff_package_id":1301,"voiceBenefit":null},{"activationFee":0.0,"dataBenefit":"10 MB","rateGroupNames":[],"rentalPeriod":1,"rentalType":null,"smsBenefit":null,"tariffPackageDesc":"test01","tariff_package_id":1321,"voiceBenefit":"24000 Sec"},{"activationFee":0.0,"dataBenefit":"10 MB","rateGroupNames":[],"rentalPeriod":1,"rentalType":null,"smsBenefit":null,"tariffPackageDesc":"TP_01","tariff_package_id":1341,"voiceBenefit":null},{"activationFee":0.0,"dataBenefit":null,"rateGroupNames":[],"rentalPeriod":1,"rentalType":null,"smsBenefit":null,"tariffPackageDesc":"TP01","tariff_package_id":1361,"voiceBenefit":"24000 Sec"},{"activationFee":0.0,"dataBenefit":"10 MB","rateGroupNames":[],"rentalPeriod":1,"rentalType":null,"smsBenefit":"50 SMS","tariffPackageDesc":"TP000","tariff_package_id":1381,"voiceBenefit":"24000 Sec"},{"activationFee":0.0,"dataBenefit":"10 MB","rateGroupNames":[],"rentalPeriod":1,"rentalType":null,"smsBenefit":null,"tariffPackageDesc":"Test_pkg","tariff_package_id":1382,"voiceBenefit":null},{"activationFee":0.0,"dataBenefit":"10 MB","rateGroupNames":[],"rentalPeriod":1,"rentalType":null,"smsBenefit":"50 SMS","tariffPackageDesc":"Test_TP","tariff_package_id":1401,"voiceBenefit":"18000 Sec"},{"activationFee":0.0,"dataBenefit":null,"rateGroupNames":[],"rentalPeriod":1,"rentalType":null,"smsBenefit":"50 SMS","tariffPackageDesc":"xius1","tariff_package_id":1402,"voiceBenefit":null},{"activationFee":0.0,"dataBenefit":"10 MB","rateGroupNames":[],"rentalPeriod":1,"rentalType":null,"smsBenefit":null,"tariffPackageDesc":"test_draft","tariff_package_id":1403,"voiceBenefit":null},{"activationFee":0.0,"dataBenefit":null,"rateGroupNames":[],"rentalPeriod":1,"rentalType":null,"smsBenefit":"50 SMS","tariffPackageDesc":"xius11","tariff_package_id":1405,"voiceBenefit":null},{"activationFee":0.0,"dataBenefit":null,"rateGroupNames":[],"rentalPeriod":1,"rentalType":null,"smsBenefit":null,"tariffPackageDesc":"GFCSNG","tariff_package_id":1406,"voiceBenefit":"24000 Sec"},{"activationFee":0.0,"dataBenefit":null,"rateGroupNames":[],"rentalPeriod":1,"rentalType":null,"smsBenefit":null,"tariffPackageDesc":"testing2","tariff_package_id":1407,"voiceBenefit":"24000 Sec"},{"activationFee":0.0,"dataBenefit":null,"rateGroupNames":[],"rentalPeriod":1,"rentalType":null,"smsBenefit":null,"tariffPackageDesc":"tsf","tariff_package_id":1408,"voiceBenefit":"24000 Sec"},{"activationFee":0.0,"dataBenefit":"20 MB","rateGroupNames":[],"rentalPeriod":30,"rentalType":null,"smsBenefit":null,"tariffPackageDesc":"tp_test","tariff_package_id":1421,"voiceBenefit":null},{"activationFee":0.0,"dataBenefit":null,"rateGroupNames":[],"rentalPeriod":1,"rentalType":null,"smsBenefit":null,"tariffPackageDesc":"TESTH","tariff_package_id":1422,"voiceBenefit":"24000 Sec"},{"activationFee":0.0,"dataBenefit":null,"rateGroupNames":[],"rentalPeriod":1,"rentalType":null,"smsBenefit":null,"tariffPackageDesc":"TESTF","tariff_package_id":1423,"voiceBenefit":"18000 Sec"},{"activationFee":0.0,"dataBenefit":null,"rateGroupNames":[],"rentalPeriod":1,"rentalType":null,"smsBenefit":"50 SMS","tariffPackageDesc":"Pack","tariff_package_id":1441,"voiceBenefit":null},{"activationFee":0.0,"dataBenefit":"20 MB","rateGroupNames":[],"rentalPeriod":1,"rentalType":null,"smsBenefit":"50 SMS","tariffPackageDesc":"Pack1","tariff_package_id":1442,"voiceBenefit":null},{"activationFee":0.0,"dataBenefit":"20 MB","rateGroupNames":[],"rentalPeriod":1,"rentalType":null,"smsBenefit":"50 SMS","tariffPackageDesc":"Pack2","tariff_package_id":1443,"voiceBenefit":null},{"activationFee":0.0,"dataBenefit":"20 MB","rateGroupNames":[],"rentalPeriod":1,"rentalType":null,"smsBenefit":null,"tariffPackageDesc":"PACK444","tariff_package_id":1457,"voiceBenefit":"24000 Sec"},{"activationFee":0.0,"dataBenefit":"10 MB","rateGroupNames":[],"rentalPeriod":1,"rentalType":null,"smsBenefit":"50 SMS","tariffPackageDesc":"xiustest","tariff_package_id":1461,"voiceBenefit":"24000 Sec"},{"activationFee":0.0,"dataBenefit":null,"rateGroupNames":[],"rentalPeriod":0,"rentalType":null,"smsBenefit":"50 SMS","tariffPackageDesc":"test_a","tariff_package_id":1463,"voiceBenefit":null},{"activationFee":0.0,"dataBenefit":"20 MB","rateGroupNames":[],"rentalPeriod":0,"rentalType":null,"smsBenefit":null,"tariffPackageDesc":"test_ep","tariff_package_id":1466,"voiceBenefit":null},{"activationFee":0.0,"dataBenefit":null,"rateGroupNames":[],"rentalPeriod":0,"rentalType":null,"smsBenefit":"50 SMS","tariffPackageDesc":"test_tp06","tariff_package_id":1482,"voiceBenefit":null},{"activationFee":0.0,"dataBenefit":"20 MB","rateGroupNames":[],"rentalPeriod":1,"rentalType":null,"smsBenefit":null,"tariffPackageDesc":"TP_T1","tariff_package_id":1483,"voiceBenefit":null},{"activationFee":0.0,"dataBenefit":"20 MB","rateGroupNames":[],"rentalPeriod":1,"rentalType":null,"smsBenefit":null,"tariffPackageDesc":"test_T8","tariff_package_id":1486,"voiceBenefit":null},{"activationFee":0.0,"dataBenefit":"10 MB","rateGroupNames":[],"rentalPeriod":1,"rentalType":null,"smsBenefit":null,"tariffPackageDesc":"test_pri","tariff_package_id":1487,"voiceBenefit":"18000 Sec"},{"activationFee":0.0,"dataBenefit":null,"rateGroupNames":[],"rentalPeriod":1,"rentalType":null,"smsBenefit":null,"tariffPackageDesc":"test_pri1","tariff_package_id":1488,"voiceBenefit":"24000 Sec"},{"activationFee":0.0,"dataBenefit":"20 MB","rateGroupNames":[],"rentalPeriod":0,"rentalType":null,"smsBenefit":null,"tariffPackageDesc":"test_f65","tariff_package_id":1489,"voiceBenefit":null},{"activationFee":0.0,"dataBenefit":"20 MB","rateGroupNames":[],"rentalPeriod":1,"rentalType":null,"smsBenefit":null,"tariffPackageDesc":"TP_T1_CL3","tariff_package_id":1490,"voiceBenefit":null},{"activationFee":0.0,"dataBenefit":"20 MB","rateGroupNames":[],"rentalPeriod":1,"rentalType":null,"smsBenefit":null,"tariffPackageDesc":"TP_T1_CL4","tariff_package_id":1491,"voiceBenefit":null},{"activationFee":0.0,"dataBenefit":"20 MB","rateGroupNames":[],"rentalPeriod":1,"rentalType":null,"smsBenefit":null,"tariffPackageDesc":"TP_T1_CL5","tariff_package_id":1492,"voiceBenefit":null},{"activationFee":0.0,"dataBenefit":"20 MB","rateGroupNames":[],"rentalPeriod":1,"rentalType":null,"smsBenefit":null,"tariffPackageDesc":"TP_T1_CL6","tariff_package_id":1494,"voiceBenefit":null},{"activationFee":0.0,"dataBenefit":null,"rateGroupNames":[],"rentalPeriod":20,"rentalType":"Others","smsBenefit":"50 SMS","tariffPackageDesc":"testing","tariff_package_id":1501,"voiceBenefit":null},{"activationFee":0.0,"dataBenefit":"20 MB","rateGroupNames":[],"rentalPeriod":20,"rentalType":"Others","smsBenefit":null,"tariffPackageDesc":"test123","tariff_package_id":1502,"voiceBenefit":null},{"activationFee":699.0,"dataBenefit":null,"rateGroupNames":[],"rentalPeriod":11,"rentalType":"Others","smsBenefit":"50 SMS","tariffPackageDesc":"test234","tariff_package_id":1503,"voiceBenefit":null},{"activationFee":699.0,"dataBenefit":null,"rateGroupNames":[],"rentalPeriod":1,"rentalType":"Others","smsBenefit":"50 SMS","tariffPackageDesc":"test234_CL1","tariff_package_id":1504,"voiceBenefit":null},{"activationFee":399.0,"dataBenefit":"20 MB","rateGroupNames":[],"rentalPeriod":10,"rentalType":"Others","smsBenefit":null,"tariffPackageDesc":"clone_test","tariff_package_id":1505,"voiceBenefit":"24000 Sec"},{"activationFee":100.0,"dataBenefit":null,"rateGroupNames":[],"rentalPeriod":1,"rentalType":null,"smsBenefit":null,"tariffPackageDesc":"GFCSNG_CL1","tariff_package_id":1507,"voiceBenefit":"24000 Sec"},{"activationFee":0.0,"dataBenefit":"10 MB","rateGroupNames":[],"rentalPeriod":1,"rentalType":null,"smsBenefit":null,"tariffPackageDesc":"TP100_CL1","tariff_package_id":1508,"voiceBenefit":"24000 Sec"},{"activationFee":200.0,"dataBenefit":null,"rateGroupNames":[],"rentalPeriod":1,"rentalType":null,"smsBenefit":null,"tariffPackageDesc":"TARF_CL1","tariff_package_id":1509,"voiceBenefit":"24000 Sec"},{"activationFee":599.0,"dataBenefit":null,"rateGroupNames":[],"rentalPeriod":1,"rentalType":"Others","smsBenefit":null,"tariffPackageDesc":"testing2_CL1","tariff_package_id":1510,"voiceBenefit":"24000 Sec"},{"activationFee":100.0,"dataBenefit":null,"rateGroupNames":[],"rentalPeriod":56,"rentalType":"Others","smsBenefit":null,"tariffPackageDesc":"test456","tariff_package_id":1511,"voiceBenefit":"24000 Sec"},{"activationFee":676.0,"dataBenefit":"20 MB","rateGroupNames":[],"rentalPeriod":87,"rentalType":"Others","smsBenefit":"50 SMS","tariffPackageDesc":"test10","tariff_package_id":1512,"voiceBenefit":"24000 Sec"},{"activationFee":100.0,"dataBenefit":null,"rateGroupNames":[],"rentalPeriod":1,"rentalType":"Others","smsBenefit":null,"tariffPackageDesc":"test456_CL1","tariff_package_id":1513,"voiceBenefit":"24000 Sec"},{"activationFee":120.0,"dataBenefit":null,"rateGroupNames":[],"rentalPeriod":1,"rentalType":"Others","smsBenefit":"50 SMS","tariffPackageDesc":"test456_CL2","tariff_package_id":1514,"voiceBenefit":"24000 Sec"},{"activationFee":0.0,"dataBenefit":"20 MB","rateGroupNames":[],"rentalPeriod":20,"rentalType":"Others","smsBenefit":null,"tariffPackageDesc":"test123_CL1","tariff_package_id":1515,"voiceBenefit":null},{"activationFee":299.0,"dataBenefit":null,"rateGroupNames":[],"rentalPeriod":1,"rentalType":"Monthly","smsBenefit":null,"tariffPackageDesc":"clonetest","tariff_package_id":1517,"voiceBenefit":"24000 Sec"},{"activationFee":679.0,"dataBenefit":"20 MB","rateGroupNames":[],"rentalPeriod":67,"rentalType":"Others","smsBenefit":null,"tariffPackageDesc":"tp134","tariff_package_id":1518,"voiceBenefit":null},{"activationFee":150.0,"dataBenefit":null,"rateGroupNames":["phonepe","MUNDO","webtoon","load_izzi2"],"rentalPeriod":19,"rentalType":"Monthly","smsBenefit":null,"tariffPackageDesc":"USERTEST","tariff_package_id":1519,"voiceBenefit":"30000 Sec"},{"activationFee":299.0,"dataBenefit":"10 MB","rateGroupNames":[],"rentalPeriod":11,"rentalType":"Monthly","smsBenefit":"50 SMS","tariffPackageDesc":"MI MUNDO M_CL1","tariff_package_id":1520,"voiceBenefit":"24000 Sec"},{"activationFee":2.0,"dataBenefit":null,"rateGroupNames":[],"rentalPeriod":1,"rentalType":"Monthly","smsBenefit":null,"tariffPackageDesc":"USERTEST_CL1","tariff_package_id":1521,"voiceBenefit":"30000 Sec"},{"activationFee":159.0,"dataBenefit":null,"rateGroupNames":[],"rentalPeriod":1,"rentalType":"Monthly","smsBenefit":null,"tariffPackageDesc":"USERTEST_CL2","tariff_package_id":1522,"voiceBenefit":"30000 Sec"},{"activationFee":0.0,"dataBenefit":null,"rateGroupNames":[],"rentalPeriod":1,"rentalType":null,"smsBenefit":null,"tariffPackageDesc":"TARF_CL1_CL1","tariff_package_id":1524,"voiceBenefit":"24000 Sec"},{"activationFee":99.0,"dataBenefit":"10 KB","rateGroupNames":[],"rentalPeriod":1,"rentalType":"Monthly","smsBenefit":null,"tariffPackageDesc":"POSTPAID_CL1","tariff_package_id":1525,"voiceBenefit":"30000 Sec"},{"activationFee":2.0,"dataBenefit":null,"rateGroupNames":[],"rentalPeriod":1,"rentalType":"Monthly","smsBenefit":null,"tariffPackageDesc":"USERTEST_CL3","tariff_package_id":1526,"voiceBenefit":"30000 Sec"},{"activationFee":0.0,"dataBenefit":null,"rateGroupNames":[],"rentalPeriod":1,"rentalType":null,"smsBenefit":null,"tariffPackageDesc":"priority","tariff_package_id":1527,"voiceBenefit":"24000 Sec"},{"activationFee":999.0,"dataBenefit":null,"rateGroupNames":[],"rentalPeriod":1,"rentalType":"Monthly","smsBenefit":"50 SMS","tariffPackageDesc":"tp_test1","tariff_package_id":1528,"voiceBenefit":null},{"activationFee":679.0,"dataBenefit":"20 MB","rateGroupNames":[],"rentalPeriod":67,"rentalType":"Others","smsBenefit":null,"tariffPackageDesc":"tp134_CL1","tariff_package_id":1529,"voiceBenefit":null},{"activationFee":679.0,"dataBenefit":"20 MB","rateGroupNames":[],"rentalPeriod":67,"rentalType":"Others","smsBenefit":null,"tariffPackageDesc":"tp134_CL2","tariff_package_id":1533,"voiceBenefit":null},{"activationFee":100.0,"dataBenefit":null,"rateGroupNames":[],"rentalPeriod":56,"rentalType":"Others","smsBenefit":null,"tariffPackageDesc":"test456_CL3","tariff_package_id":1534,"voiceBenefit":"24000 Sec"},{"activationFee":249.0,"dataBenefit":null,"rateGroupNames":[],"rentalPeriod":1,"rentalType":"Monthly","smsBenefit":"50 SMS","tariffPackageDesc":"SMS_PLAN1","tariff_package_id":1535,"voiceBenefit":null},{"activationFee":249.0,"dataBenefit":null,"rateGroupNames":[],"rentalPeriod":1,"rentalType":"Monthly","smsBenefit":"50 SMS","tariffPackageDesc":"SMS_PLAN1_CL1","tariff_package_id":1536,"voiceBenefit":null},{"activationFee":99.0,"dataBenefit":"10 KB","rateGroupNames":[],"rentalPeriod":1,"rentalType":"Monthly","smsBenefit":null,"tariffPackageDesc":"POSTPAID_CL1_CL1","tariff_package_id":1537,"voiceBenefit":"30000 Sec"},{"activationFee":99.0,"dataBenefit":"10 KB","rateGroupNames":[],"rentalPeriod":1,"rentalType":"Monthly","smsBenefit":null,"tariffPackageDesc":"POSTPAID_CL1_CL1_CL1","tariff_package_id":1538,"voiceBenefit":"30000 Sec"},{"activationFee":2.0,"dataBenefit":null,"rateGroupNames":[],"rentalPeriod":1,"rentalType":"Monthly","smsBenefit":null,"tariffPackageDesc":"USERTEST_CL1_CL1","tariff_package_id":1539,"voiceBenefit":"30000 Sec"},{"activationFee":769.0,"dataBenefit":null,"rateGroupNames":[],"rentalPeriod":1,"rentalType":"Monthly","smsBenefit":null,"tariffPackageDesc":"test_05_26","tariff_package_id":1540,"voiceBenefit":"24000 Sec"},{"activationFee":278.0,"dataBenefit":null,"rateGroupNames":[],"rentalPeriod":49,"rentalType":"Others","smsBenefit":"50 SMS","tariffPackageDesc":"test_87","tariff_package_id":1542,"voiceBenefit":null}]
[2026-06-08T16:37:08.563] [TarrifBuilder] [INFO ]  [com.xius.TariffBuilder.config.ApiLogger.doFilterInternal] Execution time 569 ms
[2026-06-08T16:37:08.564] [TarrifBuilder] [INFO ]  [com.xius.TariffBuilder.config.ApiLogger.doFilterInternal] ------------ handleResponse ------------
[2026-06-08T16:37:54.698] [TarrifBuilder] [INFO ]  [com.xius.TariffBuilder.config.ApiLogger.doFilterInternal] ------------ handleRequest ------------
[2026-06-08T16:37:54.698] [TarrifBuilder] [INFO ]  [com.xius.TariffBuilder.config.ApiLogger.doFilterInternal] GET
[2026-06-08T16:37:54.699] [TarrifBuilder] [INFO ]  [com.xius.TariffBuilder.config.ApiLogger.doFilterInternal] /details
[2026-06-08T16:37:54.699] [TarrifBuilder] [INFO ]  [com.xius.TariffBuilder.config.ApiLogger.doFilterInternal] 10.10.21.49
[2026-06-08T16:37:54.699] [TarrifBuilder] [INFO ]  [com.xius.TariffBuilder.UserService.TariffUpdateService.getTariffPackageDetails] GetTariffPackageDetails request received tariffPackageId=1515 networkId=16
[2026-06-08T16:37:54.810] [TarrifBuilder] [INFO ]  [com.xius.TariffBuilder.UserService.TariffUpdateService.getTariffPackageDetails] GetTariffPackageDetails completed tariffPackageId=1515 defaultAtps=1 allowedAtps=0
[2026-06-08T16:37:54.825] [TarrifBuilder] [INFO ]  [com.xius.TariffBuilder.config.ApiLogger.doFilterInternal] 200
[2026-06-08T16:37:54.825] [TarrifBuilder] [INFO ]  [com.xius.TariffBuilder.config.ApiLogger.doFilterInternal] Response Payload {"tpName":"test123_CL1","username":"","networkId":16,"data":{"username":"","isUpdate":true,"submittedOn":"08 Jun 2026","packageType":"POSTPAID","tariffPackCategory":"COMMERCIAL","tariffPackageDesc":"test123_CL1","charge":"","endDate":"05/28/2026","publicityId":"pub111_CL1","discountOnRentalYn":false,"isCorporateYn":false,"tariffPlanId":2333,"tariffPlanName":"MI MUNDO S_DA_test123_test123_CL1","selectedSvcs_s2":["DATA"],"selectedSvcs_s3":["DATA"],"selectedSvcs_s4":[],"defaultAtps":[{"servicePackageId":2334,"packageName":"MI MUNDO D1_test123_test123_CL1","chargeId":"test123_CL1_PR","validity":"O","rentalPeriod":20,"midnightExpiry":"No","activationFee":0.0,"renewal":"Yes","rental":25.0,"maxCount":5,"freeCycles":"3"}],"allowedAtps":[]}}
[2026-06-08T16:37:54.825] [TarrifBuilder] [INFO ]  [com.xius.TariffBuilder.config.ApiLogger.doFilterInternal] Execution time 127 ms
[2026-06-08T16:37:54.825] [TarrifBuilder] [INFO ]  [com.xius.TariffBuilder.config.ApiLogger.doFilterInternal] ------------ handleResponse ------------
